run_id,timestamp,step,metric_key,metric_value,config_json
ci_evaluation_20250629_115655,2025-06-29T16:56:55.860503+00:00,-1,run_init,"{""checkpoint_path"": ""/var/folders/9x/58m08f710ln5mxfj6_41qtfh0000gn/T/tmp6hvsay91/checkpoint"", ""output_json"": ""/var/folders/9x/58m08f710ln5mxfj6_41qtfh0000gn/T/tmp6hvsay91/results.json"", ""quick_mode"": true, ""num_samples"": 10}","{""git_sha"": ""139004fbd3270d10b64e329db19d7e62ad3b1d0b"", ""pip_freeze"": ""absl-py==2.3.0\naccelerate==1.7.0\naiohappyeyeballs==2.6.1\naiohttp==3.12.9\naiosignal==1.3.2\nalembic==1.16.2\naltair==5.5.0\nannotated-types==0.7.0\nanyio==4.9.0\nappnope==0.1.4\nargon2-cffi==25.1.0\nargon2-cffi-bindings==21.2.0\narrow==1.3.0\nasn1crypto==1.5.1\nasttokens==3.0.0\nasync-lru==2.0.5\nattrs==25.3.0\nbabel==2.17.0\nbcrypt==4.3.0\nbeautifulsoup4==4.13.4\nbitsandbytes==0.42.0\nbleach==6.2.0\nblinker==1.9.0\nboto3==1.38.32\nbotocore==1.38.32\ncachetools==5.5.2\ncertifi==2025.4.26\ncffi==1.17.1\ncharset-normalizer==3.4.2\nclick==8.2.1\ncloudpickle==3.0.0\ncomm==0.2.2\ncontourpy==1.3.2\ncoverage==7.9.1\ncryptography==45.0.3\ncycler==0.12.1\ndatasets==3.6.0\ndebugpy==1.8.14\ndecorator==5.2.1\ndefusedxml==0.7.1\ndill==0.3.8\ndiskcache==5.6.3\nentrypoints==0.4\nexecuting==2.2.0\nFaker==37.3.0\nfastapi==0.115.14\nfastjsonschema==2.21.1\nfavicon==0.7.0\nfilelock==3.18.0\nfonttools==4.58.2\nfqdn==1.5.1\nfrozenlist==1.6.2\nfsspec==2025.3.0\ngitdb==4.0.12\nGitPython==3.1.44\ngrpcio==1.73.0\nh11==0.16.0\nhf-xet==1.1.3\nhtbuilder==0.9.0\nhttpcore==1.0.9\nhttpx==0.28.1\nhttpx-ws==0.7.2\nhuggingface-hub==0.33.0\nidna==3.10\niniconfig==2.1.0\nipykernel==6.29.5\nipython==9.3.0\nipython_pygments_lexers==1.1.1\nipywidgets==8.1.7\nisoduration==20.11.0\njedi==0.19.2\nJinja2==3.1.6\njmespath==1.0.1\njoblib==1.5.1\njson5==0.12.0\njsonpointer==3.0.0\njsonschema==4.24.0\njsonschema-specifications==2025.4.1\njupyter==1.1.1\njupyter-console==6.6.3\njupyter-events==0.12.0\njupyter-lsp==2.2.5\njupyter_client==8.6.3\njupyter_core==5.8.1\njupyter_server==2.16.0\njupyter_server_terminals==0.5.3\njupyterlab==4.4.3\njupyterlab_pygments==0.3.0\njupyterlab_server==2.27.3\njupyterlab_widgets==3.0.15\nkiwisolver==1.4.8\nllama_cpp_python==0.3.9\nlmstudio==1.3.1\nlxml==5.4.0\nMako==1.3.10\nMarkdown==3.8\nmarkdownlit==0.0.7\nMarkupSafe==3.0.2\nmatplotlib==3.10.3\nmatplotlib-inline==0.1.7\nmistune==3.1.3\nmpmath==1.3.0\nmsgspec==0.19.0\nmultidict==6.4.4\nmultiprocess==0.70.16\nnarwhals==1.41.1\nnbclient==0.10.2\nnbconvert==7.16.6\nnbformat==5.10.4\nnest-asyncio==1.6.0\nnetworkx==3.5\nnltk==3.9.1\nnotebook==7.4.3\nnotebook_shim==0.2.4\nnumpy==2.3.0\norjson==3.10.18\noverrides==7.7.0\npackaging==24.2\npandas==2.3.0\npandocfilters==1.5.1\nparso==0.8.4\npeft @ git+https://github.com/huggingface/peft.git@759bb70acea8486b3a493792a5b6ba80b5217fb4\npexpect==4.9.0\npillow==11.2.1\nplatformdirs==4.3.8\nplotly==6.1.2\npluggy==1.6.0\nprometheus_client==0.22.1\nprompt_toolkit==3.0.51\npropcache==0.3.1\nprotobuf==5.29.5\npsutil==7.0.0\nptyprocess==0.7.0\npure_eval==0.2.3\npyarrow==18.1.0\npycparser==2.22\npydantic==2.11.7\npydantic_core==2.33.2\npydeck==0.9.1\nPygments==2.19.1\nPyJWT==2.10.1\npymdown-extensions==10.15\npyOpenSSL==25.1.0\npyparsing==3.2.3\npytest==8.4.1\npytest-asyncio==1.0.0\npytest-cov==6.2.1\npython-dateutil==2.9.0.post0\npython-dotenv==1.1.0\npython-json-logger==3.3.0\npytz==2025.2\nPyYAML==6.0.2\npyzmq==26.4.0\nreferencing==0.36.2\nregex==2024.11.6\nrequests==2.32.4\nrfc3339-validator==0.1.4\nrfc3986-validator==0.1.1\nrpds-py==0.25.1\nruff==0.12.0\ns3transfer==0.13.0\nsafetensors==0.5.3\nscikit-learn==1.7.0\nscipy==1.15.3\nseaborn==0.13.2\nSend2Trash==1.8.3\nsentence-transformers==4.1.0\nsentencepiece==0.2.0\nsentry-sdk==2.30.0\nsetproctitle==1.3.6\nsetuptools==80.9.0\nsix==1.17.0\nsmmap==5.0.2\nsniffio==1.3.1\nsnowflake-connector-python==3.15.0\nsnowflake-snowpark-python==1.32.0\nsortedcontainers==2.4.0\nsoupsieve==2.7\nSQLAlchemy==2.0.41\nst-annotated-text==4.0.2\nst-theme==1.2.3\nstack-data==0.6.3\nstarlette==0.46.2\nstreamlit==1.45.1\nstreamlit-avatar==0.1.3\nstreamlit-camera-input-live==0.2.0\nstreamlit-card==1.0.2\nstreamlit-embedcode==0.1.2\nstreamlit-extras==0.7.1\nstreamlit-faker==0.0.3\nstreamlit-image-coordinates==0.2.2\nstreamlit-keyup==0.3.0\nstreamlit-option-menu==0.4.0\nstreamlit-toggle-switch==1.0.2\nstreamlit-vertical-slider==2.5.5\nsympy==1.14.0\ntenacity==9.1.2\ntensorboard==2.19.0\ntensorboard-data-server==0.7.2\nterminado==0.18.1\nthreadpoolctl==3.6.0\ntinycss2==1.4.0\ntokenizers==0.21.1\ntoml==0.10.2\ntomlkit==0.13.3\ntorch==2.7.1\ntornado==6.5.1\ntqdm==4.67.1\ntraitlets==5.14.3\ntransformers==4.52.4\ntrl==0.19.0\ntypes-python-dateutil==2.9.0.20250516\ntyping-inspection==0.4.1\ntyping_extensions==4.14.0\ntzdata==2025.2\ntzlocal==5.3.1\nuri-template==1.3.0\nurllib3==2.4.0\nuv==0.7.11\nuvicorn==0.35.0\nvalidators==0.35.0\nwandb==0.20.1\nwatchdog==6.0.0\nwcwidth==0.2.13\nwebcolors==24.11.1\nwebencodings==0.5.1\nwebsocket-client==1.8.0\nWerkzeug==3.1.3\nwheel==0.45.1\nwidgetsnbextension==4.0.14\nwsproto==1.2.0\nxxhash==3.5.0\nyarl==1.20.0\n"", ""run_env_vars"": {}}"
ci_evaluation_20250629_115655,2025-06-29T16:56:55.861181+00:00,0,json_correctness,1.0,
ci_evaluation_20250629_115655,2025-06-29T16:56:55.861181+00:00,0,personality_alignment,0.5,
ci_evaluation_20250629_115655,2025-06-29T16:56:55.861181+00:00,0,evaluation_duration,0.0003032684326171875,
ci_evaluation_20250629_115655,2025-06-29T16:56:55.861181+00:00,0,status,completed,
ci_evaluation_20250629_115704,2025-06-29T16:57:04.610601+00:00,-1,run_init,"{""checkpoint_path"": ""/tmp"", ""output_json"": ""/tmp/test_results.json"", ""quick_mode"": true, ""num_samples"": 10}","{""git_sha"": ""139004fbd3270d10b64e329db19d7e62ad3b1d0b"", ""pip_freeze"": ""absl-py==2.3.0\naccelerate==1.7.0\naiohappyeyeballs==2.6.1\naiohttp==3.12.9\naiosignal==1.3.2\nalembic==1.16.2\naltair==5.5.0\nannotated-types==0.7.0\nanyio==4.9.0\nappnope==0.1.4\nargon2-cffi==25.1.0\nargon2-cffi-bindings==21.2.0\narrow==1.3.0\nasn1crypto==1.5.1\nasttokens==3.0.0\nasync-lru==2.0.5\nattrs==25.3.0\nbabel==2.17.0\nbcrypt==4.3.0\nbeautifulsoup4==4.13.4\nbitsandbytes==0.42.0\nbleach==6.2.0\nblinker==1.9.0\nboto3==1.38.32\nbotocore==1.38.32\ncachetools==5.5.2\ncertifi==2025.4.26\ncffi==1.17.1\ncharset-normalizer==3.4.2\nclick==8.2.1\ncloudpickle==3.0.0\ncomm==0.2.2\ncontourpy==1.3.2\ncoverage==7.9.1\ncryptography==45.0.3\ncycler==0.12.1\ndatasets==3.6.0\ndebugpy==1.8.14\ndecorator==5.2.1\ndefusedxml==0.7.1\ndill==0.3.8\ndiskcache==5.6.3\nentrypoints==0.4\nexecuting==2.2.0\nFaker==37.3.0\nfastapi==0.115.14\nfastjsonschema==2.21.1\nfavicon==0.7.0\nfilelock==3.18.0\nfonttools==4.58.2\nfqdn==1.5.1\nfrozenlist==1.6.2\nfsspec==2025.3.0\ngitdb==4.0.12\nGitPython==3.1.44\ngrpcio==1.73.0\nh11==0.16.0\nhf-xet==1.1.3\nhtbuilder==0.9.0\nhttpcore==1.0.9\nhttpx==0.28.1\nhttpx-ws==0.7.2\nhuggingface-hub==0.33.0\nidna==3.10\niniconfig==2.1.0\nipykernel==6.29.5\nipython==9.3.0\nipython_pygments_lexers==1.1.1\nipywidgets==8.1.7\nisoduration==20.11.0\njedi==0.19.2\nJinja2==3.1.6\njmespath==1.0.1\njoblib==1.5.1\njson5==0.12.0\njsonpointer==3.0.0\njsonschema==4.24.0\njsonschema-specifications==2025.4.1\njupyter==1.1.1\njupyter-console==6.6.3\njupyter-events==0.12.0\njupyter-lsp==2.2.5\njupyter_client==8.6.3\njupyter_core==5.8.1\njupyter_server==2.16.0\njupyter_server_terminals==0.5.3\njupyterlab==4.4.3\njupyterlab_pygments==0.3.0\njupyterlab_server==2.27.3\njupyterlab_widgets==3.0.15\nkiwisolver==1.4.8\nllama_cpp_python==0.3.9\nlmstudio==1.3.1\nlxml==5.4.0\nMako==1.3.10\nMarkdown==3.8\nmarkdownlit==0.0.7\nMarkupSafe==3.0.2\nmatplotlib==3.10.3\nmatplotlib-inline==0.1.7\nmistune==3.1.3\nmpmath==1.3.0\nmsgspec==0.19.0\nmultidict==6.4.4\nmultiprocess==0.70.16\nnarwhals==1.41.1\nnbclient==0.10.2\nnbconvert==7.16.6\nnbformat==5.10.4\nnest-asyncio==1.6.0\nnetworkx==3.5\nnltk==3.9.1\nnotebook==7.4.3\nnotebook_shim==0.2.4\nnumpy==2.3.0\norjson==3.10.18\noverrides==7.7.0\npackaging==24.2\npandas==2.3.0\npandocfilters==1.5.1\nparso==0.8.4\npeft @ git+https://github.com/huggingface/peft.git@759bb70acea8486b3a493792a5b6ba80b5217fb4\npexpect==4.9.0\npillow==11.2.1\nplatformdirs==4.3.8\nplotly==6.1.2\npluggy==1.6.0\nprometheus_client==0.22.1\nprompt_toolkit==3.0.51\npropcache==0.3.1\nprotobuf==5.29.5\npsutil==7.0.0\nptyprocess==0.7.0\npure_eval==0.2.3\npyarrow==18.1.0\npycparser==2.22\npydantic==2.11.7\npydantic_core==2.33.2\npydeck==0.9.1\nPygments==2.19.1\nPyJWT==2.10.1\npymdown-extensions==10.15\npyOpenSSL==25.1.0\npyparsing==3.2.3\npytest==8.4.1\npytest-asyncio==1.0.0\npytest-cov==6.2.1\npython-dateutil==2.9.0.post0\npython-dotenv==1.1.0\npython-json-logger==3.3.0\npytz==2025.2\nPyYAML==6.0.2\npyzmq==26.4.0\nreferencing==0.36.2\nregex==2024.11.6\nrequests==2.32.4\nrfc3339-validator==0.1.4\nrfc3986-validator==0.1.1\nrpds-py==0.25.1\nruff==0.12.0\ns3transfer==0.13.0\nsafetensors==0.5.3\nscikit-learn==1.7.0\nscipy==1.15.3\nseaborn==0.13.2\nSend2Trash==1.8.3\nsentence-transformers==4.1.0\nsentencepiece==0.2.0\nsentry-sdk==2.30.0\nsetproctitle==1.3.6\nsetuptools==80.9.0\nsix==1.17.0\nsmmap==5.0.2\nsniffio==1.3.1\nsnowflake-connector-python==3.15.0\nsnowflake-snowpark-python==1.32.0\nsortedcontainers==2.4.0\nsoupsieve==2.7\nSQLAlchemy==2.0.41\nst-annotated-text==4.0.2\nst-theme==1.2.3\nstack-data==0.6.3\nstarlette==0.46.2\nstreamlit==1.45.1\nstreamlit-avatar==0.1.3\nstreamlit-camera-input-live==0.2.0\nstreamlit-card==1.0.2\nstreamlit-embedcode==0.1.2\nstreamlit-extras==0.7.1\nstreamlit-faker==0.0.3\nstreamlit-image-coordinates==0.2.2\nstreamlit-keyup==0.3.0\nstreamlit-option-menu==0.4.0\nstreamlit-toggle-switch==1.0.2\nstreamlit-vertical-slider==2.5.5\nsympy==1.14.0\ntenacity==9.1.2\ntensorboard==2.19.0\ntensorboard-data-server==0.7.2\nterminado==0.18.1\nthreadpoolctl==3.6.0\ntinycss2==1.4.0\ntokenizers==0.21.1\ntoml==0.10.2\ntomlkit==0.13.3\ntorch==2.7.1\ntornado==6.5.1\ntqdm==4.67.1\ntraitlets==5.14.3\ntransformers==4.52.4\ntrl==0.19.0\ntypes-python-dateutil==2.9.0.20250516\ntyping-inspection==0.4.1\ntyping_extensions==4.14.0\ntzdata==2025.2\ntzlocal==5.3.1\nuri-template==1.3.0\nurllib3==2.4.0\nuv==0.7.11\nuvicorn==0.35.0\nvalidators==0.35.0\nwandb==0.20.1\nwatchdog==6.0.0\nwcwidth==0.2.13\nwebcolors==24.11.1\nwebencodings==0.5.1\nwebsocket-client==1.8.0\nWerkzeug==3.1.3\nwheel==0.45.1\nwidgetsnbextension==4.0.14\nwsproto==1.2.0\nxxhash==3.5.0\nyarl==1.20.0\n"", ""run_env_vars"": {}}"
ci_evaluation_20250629_115704,2025-06-29T16:57:04.611496+00:00,0,json_correctness,1.0,
ci_evaluation_20250629_115704,2025-06-29T16:57:04.611496+00:00,0,personality_alignment,0.5,
ci_evaluation_20250629_115704,2025-06-29T16:57:04.611496+00:00,0,evaluation_duration,0.0003337860107421875,
ci_evaluation_20250629_115704,2025-06-29T16:57:04.611496+00:00,0,status,completed,
ci_sft_training_20250629_120114,2025-06-29T17:01:14.056572+00:00,-1,run_init,"{""model_name"": ""HuggingFaceTB/SmolLM2-135M-Instruct"", ""learning_rate"": 0.0002, ""batch_size"": 1, ""max_steps"": 5, ""output_dir"": ""/var/folders/9x/58m08f710ln5mxfj6_41qtfh0000gn/T/tmpl85ftroc"", ""quick_mode"": true, ""dataset_size"": 100}","{""git_sha"": ""139004fbd3270d10b64e329db19d7e62ad3b1d0b"", ""pip_freeze"": ""absl-py==2.3.0\naccelerate==1.7.0\naiohappyeyeballs==2.6.1\naiohttp==3.12.9\naiosignal==1.3.2\nalembic==1.16.2\naltair==5.5.0\nannotated-types==0.7.0\nanyio==4.9.0\nappnope==0.1.4\nargon2-cffi==25.1.0\nargon2-cffi-bindings==21.2.0\narrow==1.3.0\nasn1crypto==1.5.1\nasttokens==3.0.0\nasync-lru==2.0.5\nattrs==25.3.0\nbabel==2.17.0\nbcrypt==4.3.0\nbeautifulsoup4==4.13.4\nbitsandbytes==0.42.0\nbleach==6.2.0\nblinker==1.9.0\nboto3==1.38.32\nbotocore==1.38.32\ncachetools==5.5.2\ncertifi==2025.4.26\ncffi==1.17.1\ncharset-normalizer==3.4.2\nclick==8.2.1\ncloudpickle==3.0.0\ncomm==0.2.2\ncontourpy==1.3.2\ncoverage==7.9.1\ncryptography==45.0.3\ncycler==0.12.1\ndatasets==3.6.0\ndebugpy==1.8.14\ndecorator==5.2.1\ndefusedxml==0.7.1\ndill==0.3.8\ndiskcache==5.6.3\nentrypoints==0.4\nexecuting==2.2.0\nFaker==37.3.0\nfastapi==0.115.14\nfastjsonschema==2.21.1\nfavicon==0.7.0\nfilelock==3.18.0\nfonttools==4.58.2\nfqdn==1.5.1\nfrozenlist==1.6.2\nfsspec==2025.3.0\ngitdb==4.0.12\nGitPython==3.1.44\ngrpcio==1.73.0\nh11==0.16.0\nhf-xet==1.1.3\nhtbuilder==0.9.0\nhttpcore==1.0.9\nhttpx==0.28.1\nhttpx-ws==0.7.2\nhuggingface-hub==0.33.0\nidna==3.10\niniconfig==2.1.0\nipykernel==6.29.5\nipython==9.3.0\nipython_pygments_lexers==1.1.1\nipywidgets==8.1.7\nisoduration==20.11.0\njedi==0.19.2\nJinja2==3.1.6\njmespath==1.0.1\njoblib==1.5.1\njson5==0.12.0\njsonpointer==3.0.0\njsonschema==4.24.0\njsonschema-specifications==2025.4.1\njupyter==1.1.1\njupyter-console==6.6.3\njupyter-events==0.12.0\njupyter-lsp==2.2.5\njupyter_client==8.6.3\njupyter_core==5.8.1\njupyter_server==2.16.0\njupyter_server_terminals==0.5.3\njupyterlab==4.4.3\njupyterlab_pygments==0.3.0\njupyterlab_server==2.27.3\njupyterlab_widgets==3.0.15\nkiwisolver==1.4.8\nllama_cpp_python==0.3.9\nlmstudio==1.3.1\nlxml==5.4.0\nMako==1.3.10\nMarkdown==3.8\nmarkdownlit==0.0.7\nMarkupSafe==3.0.2\nmatplotlib==3.10.3\nmatplotlib-inline==0.1.7\nmistune==3.1.3\nmpmath==1.3.0\nmsgspec==0.19.0\nmultidict==6.4.4\nmultiprocess==0.70.16\nnarwhals==1.41.1\nnbclient==0.10.2\nnbconvert==7.16.6\nnbformat==5.10.4\nnest-asyncio==1.6.0\nnetworkx==3.5\nnltk==3.9.1\nnotebook==7.4.3\nnotebook_shim==0.2.4\nnumpy==2.3.0\norjson==3.10.18\noverrides==7.7.0\npackaging==24.2\npandas==2.3.0\npandocfilters==1.5.1\nparso==0.8.4\npeft @ git+https://github.com/huggingface/peft.git@759bb70acea8486b3a493792a5b6ba80b5217fb4\npexpect==4.9.0\npillow==11.2.1\nplatformdirs==4.3.8\nplotly==6.1.2\npluggy==1.6.0\nprometheus_client==0.22.1\nprompt_toolkit==3.0.51\npropcache==0.3.1\nprotobuf==5.29.5\npsutil==7.0.0\nptyprocess==0.7.0\npure_eval==0.2.3\npyarrow==18.1.0\npycparser==2.22\npydantic==2.11.7\npydantic_core==2.33.2\npydeck==0.9.1\nPygments==2.19.1\nPyJWT==2.10.1\npymdown-extensions==10.15\npyOpenSSL==25.1.0\npyparsing==3.2.3\npytest==8.4.1\npytest-asyncio==1.0.0\npytest-cov==6.2.1\npython-dateutil==2.9.0.post0\npython-dotenv==1.1.0\npython-json-logger==3.3.0\npytz==2025.2\nPyYAML==6.0.2\npyzmq==26.4.0\nreferencing==0.36.2\nregex==2024.11.6\nrequests==2.32.4\nrfc3339-validator==0.1.4\nrfc3986-validator==0.1.1\nrpds-py==0.25.1\nruff==0.12.0\ns3transfer==0.13.0\nsafetensors==0.5.3\nscikit-learn==1.7.0\nscipy==1.15.3\nseaborn==0.13.2\nSend2Trash==1.8.3\nsentence-transformers==4.1.0\nsentencepiece==0.2.0\nsentry-sdk==2.30.0\nsetproctitle==1.3.6\nsetuptools==80.9.0\nsix==1.17.0\nsmmap==5.0.2\nsniffio==1.3.1\nsnowflake-connector-python==3.15.0\nsnowflake-snowpark-python==1.32.0\nsortedcontainers==2.4.0\nsoupsieve==2.7\nSQLAlchemy==2.0.41\nst-annotated-text==4.0.2\nst-theme==1.2.3\nstack-data==0.6.3\nstarlette==0.46.2\nstreamlit==1.45.1\nstreamlit-avatar==0.1.3\nstreamlit-camera-input-live==0.2.0\nstreamlit-card==1.0.2\nstreamlit-embedcode==0.1.2\nstreamlit-extras==0.7.1\nstreamlit-faker==0.0.3\nstreamlit-image-coordinates==0.2.2\nstreamlit-keyup==0.3.0\nstreamlit-option-menu==0.4.0\nstreamlit-toggle-switch==1.0.2\nstreamlit-vertical-slider==2.5.5\nsympy==1.14.0\ntenacity==9.1.2\ntensorboard==2.19.0\ntensorboard-data-server==0.7.2\nterminado==0.18.1\nthreadpoolctl==3.6.0\ntinycss2==1.4.0\ntokenizers==0.21.1\ntoml==0.10.2\ntomlkit==0.13.3\ntorch==2.7.1\ntornado==6.5.1\ntqdm==4.67.1\ntraitlets==5.14.3\ntransformers==4.52.4\ntrl==0.19.0\ntypes-python-dateutil==2.9.0.20250516\ntyping-inspection==0.4.1\ntyping_extensions==4.14.0\ntzdata==2025.2\ntzlocal==5.3.1\nuri-template==1.3.0\nurllib3==2.4.0\nuv==0.7.11\nuvicorn==0.35.0\nvalidators==0.35.0\nwandb==0.20.1\nwatchdog==6.0.0\nwcwidth==0.2.13\nwebcolors==24.11.1\nwebencodings==0.5.1\nwebsocket-client==1.8.0\nWerkzeug==3.1.3\nwheel==0.45.1\nwidgetsnbextension==4.0.14\nwsproto==1.2.0\nxxhash==3.5.0\nyarl==1.20.0\n"", ""run_env_vars"": {}}"
ci_sft_training_20250629_120114,2025-06-29T17:01:20.453898+00:00,0,error,"Unable to create tensor, you should probably activate truncation and/or padding with 'padding=True' 'truncation=True' to have batched tensors with the same length. Perhaps your features (`messages` in this case) have excessive nesting (inputs type `list` where type `int` is expected).",
ci_sft_training_20250629_120114,2025-06-29T17:01:20.453898+00:00,0,status,failed,
ci_sft_training_20250629_120121,2025-06-29T17:01:21.982484+00:00,-1,run_init,"{""model_name"": ""HuggingFaceTB/SmolLM2-135M-Instruct"", ""learning_rate"": 0.0002, ""batch_size"": 1, ""max_steps"": 10, ""output_dir"": ""/var/folders/9x/58m08f710ln5mxfj6_41qtfh0000gn/T/tmp_p28m65_/ci_output"", ""quick_mode"": true, ""dataset_size"": 100}","{""git_sha"": ""139004fbd3270d10b64e329db19d7e62ad3b1d0b"", ""pip_freeze"": ""absl-py==2.3.0\naccelerate==1.7.0\naiohappyeyeballs==2.6.1\naiohttp==3.12.9\naiosignal==1.3.2\nalembic==1.16.2\naltair==5.5.0\nannotated-types==0.7.0\nanyio==4.9.0\nappnope==0.1.4\nargon2-cffi==25.1.0\nargon2-cffi-bindings==21.2.0\narrow==1.3.0\nasn1crypto==1.5.1\nasttokens==3.0.0\nasync-lru==2.0.5\nattrs==25.3.0\nbabel==2.17.0\nbcrypt==4.3.0\nbeautifulsoup4==4.13.4\nbitsandbytes==0.42.0\nbleach==6.2.0\nblinker==1.9.0\nboto3==1.38.32\nbotocore==1.38.32\ncachetools==5.5.2\ncertifi==2025.4.26\ncffi==1.17.1\ncharset-normalizer==3.4.2\nclick==8.2.1\ncloudpickle==3.0.0\ncomm==0.2.2\ncontourpy==1.3.2\ncoverage==7.9.1\ncryptography==45.0.3\ncycler==0.12.1\ndatasets==3.6.0\ndebugpy==1.8.14\ndecorator==5.2.1\ndefusedxml==0.7.1\ndill==0.3.8\ndiskcache==5.6.3\nentrypoints==0.4\nexecuting==2.2.0\nFaker==37.3.0\nfastapi==0.115.14\nfastjsonschema==2.21.1\nfavicon==0.7.0\nfilelock==3.18.0\nfonttools==4.58.2\nfqdn==1.5.1\nfrozenlist==1.6.2\nfsspec==2025.3.0\ngitdb==4.0.12\nGitPython==3.1.44\ngrpcio==1.73.0\nh11==0.16.0\nhf-xet==1.1.3\nhtbuilder==0.9.0\nhttpcore==1.0.9\nhttpx==0.28.1\nhttpx-ws==0.7.2\nhuggingface-hub==0.33.0\nidna==3.10\niniconfig==2.1.0\nipykernel==6.29.5\nipython==9.3.0\nipython_pygments_lexers==1.1.1\nipywidgets==8.1.7\nisoduration==20.11.0\njedi==0.19.2\nJinja2==3.1.6\njmespath==1.0.1\njoblib==1.5.1\njson5==0.12.0\njsonpointer==3.0.0\njsonschema==4.24.0\njsonschema-specifications==2025.4.1\njupyter==1.1.1\njupyter-console==6.6.3\njupyter-events==0.12.0\njupyter-lsp==2.2.5\njupyter_client==8.6.3\njupyter_core==5.8.1\njupyter_server==2.16.0\njupyter_server_terminals==0.5.3\njupyterlab==4.4.3\njupyterlab_pygments==0.3.0\njupyterlab_server==2.27.3\njupyterlab_widgets==3.0.15\nkiwisolver==1.4.8\nllama_cpp_python==0.3.9\nlmstudio==1.3.1\nlxml==5.4.0\nMako==1.3.10\nMarkdown==3.8\nmarkdownlit==0.0.7\nMarkupSafe==3.0.2\nmatplotlib==3.10.3\nmatplotlib-inline==0.1.7\nmistune==3.1.3\nmpmath==1.3.0\nmsgspec==0.19.0\nmultidict==6.4.4\nmultiprocess==0.70.16\nnarwhals==1.41.1\nnbclient==0.10.2\nnbconvert==7.16.6\nnbformat==5.10.4\nnest-asyncio==1.6.0\nnetworkx==3.5\nnltk==3.9.1\nnotebook==7.4.3\nnotebook_shim==0.2.4\nnumpy==2.3.0\norjson==3.10.18\noverrides==7.7.0\npackaging==24.2\npandas==2.3.0\npandocfilters==1.5.1\nparso==0.8.4\npeft @ git+https://github.com/huggingface/peft.git@759bb70acea8486b3a493792a5b6ba80b5217fb4\npexpect==4.9.0\npillow==11.2.1\nplatformdirs==4.3.8\nplotly==6.1.2\npluggy==1.6.0\nprometheus_client==0.22.1\nprompt_toolkit==3.0.51\npropcache==0.3.1\nprotobuf==5.29.5\npsutil==7.0.0\nptyprocess==0.7.0\npure_eval==0.2.3\npyarrow==18.1.0\npycparser==2.22\npydantic==2.11.7\npydantic_core==2.33.2\npydeck==0.9.1\nPygments==2.19.1\nPyJWT==2.10.1\npymdown-extensions==10.15\npyOpenSSL==25.1.0\npyparsing==3.2.3\npytest==8.4.1\npytest-asyncio==1.0.0\npytest-cov==6.2.1\npython-dateutil==2.9.0.post0\npython-dotenv==1.1.0\npython-json-logger==3.3.0\npytz==2025.2\nPyYAML==6.0.2\npyzmq==26.4.0\nreferencing==0.36.2\nregex==2024.11.6\nrequests==2.32.4\nrfc3339-validator==0.1.4\nrfc3986-validator==0.1.1\nrpds-py==0.25.1\nruff==0.12.0\ns3transfer==0.13.0\nsafetensors==0.5.3\nscikit-learn==1.7.0\nscipy==1.15.3\nseaborn==0.13.2\nSend2Trash==1.8.3\nsentence-transformers==4.1.0\nsentencepiece==0.2.0\nsentry-sdk==2.30.0\nsetproctitle==1.3.6\nsetuptools==80.9.0\nsix==1.17.0\nsmmap==5.0.2\nsniffio==1.3.1\nsnowflake-connector-python==3.15.0\nsnowflake-snowpark-python==1.32.0\nsortedcontainers==2.4.0\nsoupsieve==2.7\nSQLAlchemy==2.0.41\nst-annotated-text==4.0.2\nst-theme==1.2.3\nstack-data==0.6.3\nstarlette==0.46.2\nstreamlit==1.45.1\nstreamlit-avatar==0.1.3\nstreamlit-camera-input-live==0.2.0\nstreamlit-card==1.0.2\nstreamlit-embedcode==0.1.2\nstreamlit-extras==0.7.1\nstreamlit-faker==0.0.3\nstreamlit-image-coordinates==0.2.2\nstreamlit-keyup==0.3.0\nstreamlit-option-menu==0.4.0\nstreamlit-toggle-switch==1.0.2\nstreamlit-vertical-slider==2.5.5\nsympy==1.14.0\ntenacity==9.1.2\ntensorboard==2.19.0\ntensorboard-data-server==0.7.2\nterminado==0.18.1\nthreadpoolctl==3.6.0\ntinycss2==1.4.0\ntokenizers==0.21.1\ntoml==0.10.2\ntomlkit==0.13.3\ntorch==2.7.1\ntornado==6.5.1\ntqdm==4.67.1\ntraitlets==5.14.3\ntransformers==4.52.4\ntrl==0.19.0\ntypes-python-dateutil==2.9.0.20250516\ntyping-inspection==0.4.1\ntyping_extensions==4.14.0\ntzdata==2025.2\ntzlocal==5.3.1\nuri-template==1.3.0\nurllib3==2.4.0\nuv==0.7.11\nuvicorn==0.35.0\nvalidators==0.35.0\nwandb==0.20.1\nwatchdog==6.0.0\nwcwidth==0.2.13\nwebcolors==24.11.1\nwebencodings==0.5.1\nwebsocket-client==1.8.0\nWerkzeug==3.1.3\nwheel==0.45.1\nwidgetsnbextension==4.0.14\nwsproto==1.2.0\nxxhash==3.5.0\nyarl==1.20.0\n"", ""run_env_vars"": {}}"
ci_sft_training_20250629_120121,2025-06-29T17:01:26.546676+00:00,0,error,"Unable to create tensor, you should probably activate truncation and/or padding with 'padding=True' 'truncation=True' to have batched tensors with the same length. Perhaps your features (`messages` in this case) have excessive nesting (inputs type `list` where type `int` is expected).",
ci_sft_training_20250629_120121,2025-06-29T17:01:26.546676+00:00,0,status,failed,
ci_sft_training_20250629_120128,2025-06-29T17:01:28.041506+00:00,-1,run_init,"{""model_name"": ""HuggingFaceTB/SmolLM2-135M-Instruct"", ""learning_rate"": 0.0002, ""batch_size"": 1, ""max_steps"": 3, ""output_dir"": ""/var/folders/9x/58m08f710ln5mxfj6_41qtfh0000gn/T/tmprjdwehty"", ""quick_mode"": true, ""dataset_size"": 100}","{""git_sha"": ""139004fbd3270d10b64e329db19d7e62ad3b1d0b"", ""pip_freeze"": ""absl-py==2.3.0\naccelerate==1.7.0\naiohappyeyeballs==2.6.1\naiohttp==3.12.9\naiosignal==1.3.2\nalembic==1.16.2\naltair==5.5.0\nannotated-types==0.7.0\nanyio==4.9.0\nappnope==0.1.4\nargon2-cffi==25.1.0\nargon2-cffi-bindings==21.2.0\narrow==1.3.0\nasn1crypto==1.5.1\nasttokens==3.0.0\nasync-lru==2.0.5\nattrs==25.3.0\nbabel==2.17.0\nbcrypt==4.3.0\nbeautifulsoup4==4.13.4\nbitsandbytes==0.42.0\nbleach==6.2.0\nblinker==1.9.0\nboto3==1.38.32\nbotocore==1.38.32\ncachetools==5.5.2\ncertifi==2025.4.26\ncffi==1.17.1\ncharset-normalizer==3.4.2\nclick==8.2.1\ncloudpickle==3.0.0\ncomm==0.2.2\ncontourpy==1.3.2\ncoverage==7.9.1\ncryptography==45.0.3\ncycler==0.12.1\ndatasets==3.6.0\ndebugpy==1.8.14\ndecorator==5.2.1\ndefusedxml==0.7.1\ndill==0.3.8\ndiskcache==5.6.3\nentrypoints==0.4\nexecuting==2.2.0\nFaker==37.3.0\nfastapi==0.115.14\nfastjsonschema==2.21.1\nfavicon==0.7.0\nfilelock==3.18.0\nfonttools==4.58.2\nfqdn==1.5.1\nfrozenlist==1.6.2\nfsspec==2025.3.0\ngitdb==4.0.12\nGitPython==3.1.44\ngrpcio==1.73.0\nh11==0.16.0\nhf-xet==1.1.3\nhtbuilder==0.9.0\nhttpcore==1.0.9\nhttpx==0.28.1\nhttpx-ws==0.7.2\nhuggingface-hub==0.33.0\nidna==3.10\niniconfig==2.1.0\nipykernel==6.29.5\nipython==9.3.0\nipython_pygments_lexers==1.1.1\nipywidgets==8.1.7\nisoduration==20.11.0\njedi==0.19.2\nJinja2==3.1.6\njmespath==1.0.1\njoblib==1.5.1\njson5==0.12.0\njsonpointer==3.0.0\njsonschema==4.24.0\njsonschema-specifications==2025.4.1\njupyter==1.1.1\njupyter-console==6.6.3\njupyter-events==0.12.0\njupyter-lsp==2.2.5\njupyter_client==8.6.3\njupyter_core==5.8.1\njupyter_server==2.16.0\njupyter_server_terminals==0.5.3\njupyterlab==4.4.3\njupyterlab_pygments==0.3.0\njupyterlab_server==2.27.3\njupyterlab_widgets==3.0.15\nkiwisolver==1.4.8\nllama_cpp_python==0.3.9\nlmstudio==1.3.1\nlxml==5.4.0\nMako==1.3.10\nMarkdown==3.8\nmarkdownlit==0.0.7\nMarkupSafe==3.0.2\nmatplotlib==3.10.3\nmatplotlib-inline==0.1.7\nmistune==3.1.3\nmpmath==1.3.0\nmsgspec==0.19.0\nmultidict==6.4.4\nmultiprocess==0.70.16\nnarwhals==1.41.1\nnbclient==0.10.2\nnbconvert==7.16.6\nnbformat==5.10.4\nnest-asyncio==1.6.0\nnetworkx==3.5\nnltk==3.9.1\nnotebook==7.4.3\nnotebook_shim==0.2.4\nnumpy==2.3.0\norjson==3.10.18\noverrides==7.7.0\npackaging==24.2\npandas==2.3.0\npandocfilters==1.5.1\nparso==0.8.4\npeft @ git+https://github.com/huggingface/peft.git@759bb70acea8486b3a493792a5b6ba80b5217fb4\npexpect==4.9.0\npillow==11.2.1\nplatformdirs==4.3.8\nplotly==6.1.2\npluggy==1.6.0\nprometheus_client==0.22.1\nprompt_toolkit==3.0.51\npropcache==0.3.1\nprotobuf==5.29.5\npsutil==7.0.0\nptyprocess==0.7.0\npure_eval==0.2.3\npyarrow==18.1.0\npycparser==2.22\npydantic==2.11.7\npydantic_core==2.33.2\npydeck==0.9.1\nPygments==2.19.1\nPyJWT==2.10.1\npymdown-extensions==10.15\npyOpenSSL==25.1.0\npyparsing==3.2.3\npytest==8.4.1\npytest-asyncio==1.0.0\npytest-cov==6.2.1\npython-dateutil==2.9.0.post0\npython-dotenv==1.1.0\npython-json-logger==3.3.0\npytz==2025.2\nPyYAML==6.0.2\npyzmq==26.4.0\nreferencing==0.36.2\nregex==2024.11.6\nrequests==2.32.4\nrfc3339-validator==0.1.4\nrfc3986-validator==0.1.1\nrpds-py==0.25.1\nruff==0.12.0\ns3transfer==0.13.0\nsafetensors==0.5.3\nscikit-learn==1.7.0\nscipy==1.15.3\nseaborn==0.13.2\nSend2Trash==1.8.3\nsentence-transformers==4.1.0\nsentencepiece==0.2.0\nsentry-sdk==2.30.0\nsetproctitle==1.3.6\nsetuptools==80.9.0\nsix==1.17.0\nsmmap==5.0.2\nsniffio==1.3.1\nsnowflake-connector-python==3.15.0\nsnowflake-snowpark-python==1.32.0\nsortedcontainers==2.4.0\nsoupsieve==2.7\nSQLAlchemy==2.0.41\nst-annotated-text==4.0.2\nst-theme==1.2.3\nstack-data==0.6.3\nstarlette==0.46.2\nstreamlit==1.45.1\nstreamlit-avatar==0.1.3\nstreamlit-camera-input-live==0.2.0\nstreamlit-card==1.0.2\nstreamlit-embedcode==0.1.2\nstreamlit-extras==0.7.1\nstreamlit-faker==0.0.3\nstreamlit-image-coordinates==0.2.2\nstreamlit-keyup==0.3.0\nstreamlit-option-menu==0.4.0\nstreamlit-toggle-switch==1.0.2\nstreamlit-vertical-slider==2.5.5\nsympy==1.14.0\ntenacity==9.1.2\ntensorboard==2.19.0\ntensorboard-data-server==0.7.2\nterminado==0.18.1\nthreadpoolctl==3.6.0\ntinycss2==1.4.0\ntokenizers==0.21.1\ntoml==0.10.2\ntomlkit==0.13.3\ntorch==2.7.1\ntornado==6.5.1\ntqdm==4.67.1\ntraitlets==5.14.3\ntransformers==4.52.4\ntrl==0.19.0\ntypes-python-dateutil==2.9.0.20250516\ntyping-inspection==0.4.1\ntyping_extensions==4.14.0\ntzdata==2025.2\ntzlocal==5.3.1\nuri-template==1.3.0\nurllib3==2.4.0\nuv==0.7.11\nuvicorn==0.35.0\nvalidators==0.35.0\nwandb==0.20.1\nwatchdog==6.0.0\nwcwidth==0.2.13\nwebcolors==24.11.1\nwebencodings==0.5.1\nwebsocket-client==1.8.0\nWerkzeug==3.1.3\nwheel==0.45.1\nwidgetsnbextension==4.0.14\nwsproto==1.2.0\nxxhash==3.5.0\nyarl==1.20.0\n"", ""run_env_vars"": {}}"
ci_sft_training_20250629_120128,2025-06-29T17:01:32.652143+00:00,0,error,"Unable to create tensor, you should probably activate truncation and/or padding with 'padding=True' 'truncation=True' to have batched tensors with the same length. Perhaps your features (`messages` in this case) have excessive nesting (inputs type `list` where type `int` is expected).",
ci_sft_training_20250629_120128,2025-06-29T17:01:32.652143+00:00,0,status,failed,
ci_sft_training_20250629_120134,2025-06-29T17:01:34.142432+00:00,-1,run_init,"{""model_name"": ""HuggingFaceTB/SmolLM2-135M-Instruct"", ""learning_rate"": 0.0002, ""batch_size"": 1, ""max_steps"": 1, ""output_dir"": ""/var/folders/9x/58m08f710ln5mxfj6_41qtfh0000gn/T/tmpmxqsz0ab"", ""quick_mode"": true, ""dataset_size"": 100}","{""git_sha"": ""139004fbd3270d10b64e329db19d7e62ad3b1d0b"", ""pip_freeze"": ""absl-py==2.3.0\naccelerate==1.7.0\naiohappyeyeballs==2.6.1\naiohttp==3.12.9\naiosignal==1.3.2\nalembic==1.16.2\naltair==5.5.0\nannotated-types==0.7.0\nanyio==4.9.0\nappnope==0.1.4\nargon2-cffi==25.1.0\nargon2-cffi-bindings==21.2.0\narrow==1.3.0\nasn1crypto==1.5.1\nasttokens==3.0.0\nasync-lru==2.0.5\nattrs==25.3.0\nbabel==2.17.0\nbcrypt==4.3.0\nbeautifulsoup4==4.13.4\nbitsandbytes==0.42.0\nbleach==6.2.0\nblinker==1.9.0\nboto3==1.38.32\nbotocore==1.38.32\ncachetools==5.5.2\ncertifi==2025.4.26\ncffi==1.17.1\ncharset-normalizer==3.4.2\nclick==8.2.1\ncloudpickle==3.0.0\ncomm==0.2.2\ncontourpy==1.3.2\ncoverage==7.9.1\ncryptography==45.0.3\ncycler==0.12.1\ndatasets==3.6.0\ndebugpy==1.8.14\ndecorator==5.2.1\ndefusedxml==0.7.1\ndill==0.3.8\ndiskcache==5.6.3\nentrypoints==0.4\nexecuting==2.2.0\nFaker==37.3.0\nfastapi==0.115.14\nfastjsonschema==2.21.1\nfavicon==0.7.0\nfilelock==3.18.0\nfonttools==4.58.2\nfqdn==1.5.1\nfrozenlist==1.6.2\nfsspec==2025.3.0\ngitdb==4.0.12\nGitPython==3.1.44\ngrpcio==1.73.0\nh11==0.16.0\nhf-xet==1.1.3\nhtbuilder==0.9.0\nhttpcore==1.0.9\nhttpx==0.28.1\nhttpx-ws==0.7.2\nhuggingface-hub==0.33.0\nidna==3.10\niniconfig==2.1.0\nipykernel==6.29.5\nipython==9.3.0\nipython_pygments_lexers==1.1.1\nipywidgets==8.1.7\nisoduration==20.11.0\njedi==0.19.2\nJinja2==3.1.6\njmespath==1.0.1\njoblib==1.5.1\njson5==0.12.0\njsonpointer==3.0.0\njsonschema==4.24.0\njsonschema-specifications==2025.4.1\njupyter==1.1.1\njupyter-console==6.6.3\njupyter-events==0.12.0\njupyter-lsp==2.2.5\njupyter_client==8.6.3\njupyter_core==5.8.1\njupyter_server==2.16.0\njupyter_server_terminals==0.5.3\njupyterlab==4.4.3\njupyterlab_pygments==0.3.0\njupyterlab_server==2.27.3\njupyterlab_widgets==3.0.15\nkiwisolver==1.4.8\nllama_cpp_python==0.3.9\nlmstudio==1.3.1\nlxml==5.4.0\nMako==1.3.10\nMarkdown==3.8\nmarkdownlit==0.0.7\nMarkupSafe==3.0.2\nmatplotlib==3.10.3\nmatplotlib-inline==0.1.7\nmistune==3.1.3\nmpmath==1.3.0\nmsgspec==0.19.0\nmultidict==6.4.4\nmultiprocess==0.70.16\nnarwhals==1.41.1\nnbclient==0.10.2\nnbconvert==7.16.6\nnbformat==5.10.4\nnest-asyncio==1.6.0\nnetworkx==3.5\nnltk==3.9.1\nnotebook==7.4.3\nnotebook_shim==0.2.4\nnumpy==2.3.0\norjson==3.10.18\noverrides==7.7.0\npackaging==24.2\npandas==2.3.0\npandocfilters==1.5.1\nparso==0.8.4\npeft @ git+https://github.com/huggingface/peft.git@759bb70acea8486b3a493792a5b6ba80b5217fb4\npexpect==4.9.0\npillow==11.2.1\nplatformdirs==4.3.8\nplotly==6.1.2\npluggy==1.6.0\nprometheus_client==0.22.1\nprompt_toolkit==3.0.51\npropcache==0.3.1\nprotobuf==5.29.5\npsutil==7.0.0\nptyprocess==0.7.0\npure_eval==0.2.3\npyarrow==18.1.0\npycparser==2.22\npydantic==2.11.7\npydantic_core==2.33.2\npydeck==0.9.1\nPygments==2.19.1\nPyJWT==2.10.1\npymdown-extensions==10.15\npyOpenSSL==25.1.0\npyparsing==3.2.3\npytest==8.4.1\npytest-asyncio==1.0.0\npytest-cov==6.2.1\npython-dateutil==2.9.0.post0\npython-dotenv==1.1.0\npython-json-logger==3.3.0\npytz==2025.2\nPyYAML==6.0.2\npyzmq==26.4.0\nreferencing==0.36.2\nregex==2024.11.6\nrequests==2.32.4\nrfc3339-validator==0.1.4\nrfc3986-validator==0.1.1\nrpds-py==0.25.1\nruff==0.12.0\ns3transfer==0.13.0\nsafetensors==0.5.3\nscikit-learn==1.7.0\nscipy==1.15.3\nseaborn==0.13.2\nSend2Trash==1.8.3\nsentence-transformers==4.1.0\nsentencepiece==0.2.0\nsentry-sdk==2.30.0\nsetproctitle==1.3.6\nsetuptools==80.9.0\nsix==1.17.0\nsmmap==5.0.2\nsniffio==1.3.1\nsnowflake-connector-python==3.15.0\nsnowflake-snowpark-python==1.32.0\nsortedcontainers==2.4.0\nsoupsieve==2.7\nSQLAlchemy==2.0.41\nst-annotated-text==4.0.2\nst-theme==1.2.3\nstack-data==0.6.3\nstarlette==0.46.2\nstreamlit==1.45.1\nstreamlit-avatar==0.1.3\nstreamlit-camera-input-live==0.2.0\nstreamlit-card==1.0.2\nstreamlit-embedcode==0.1.2\nstreamlit-extras==0.7.1\nstreamlit-faker==0.0.3\nstreamlit-image-coordinates==0.2.2\nstreamlit-keyup==0.3.0\nstreamlit-option-menu==0.4.0\nstreamlit-toggle-switch==1.0.2\nstreamlit-vertical-slider==2.5.5\nsympy==1.14.0\ntenacity==9.1.2\ntensorboard==2.19.0\ntensorboard-data-server==0.7.2\nterminado==0.18.1\nthreadpoolctl==3.6.0\ntinycss2==1.4.0\ntokenizers==0.21.1\ntoml==0.10.2\ntomlkit==0.13.3\ntorch==2.7.1\ntornado==6.5.1\ntqdm==4.67.1\ntraitlets==5.14.3\ntransformers==4.52.4\ntrl==0.19.0\ntypes-python-dateutil==2.9.0.20250516\ntyping-inspection==0.4.1\ntyping_extensions==4.14.0\ntzdata==2025.2\ntzlocal==5.3.1\nuri-template==1.3.0\nurllib3==2.4.0\nuv==0.7.11\nuvicorn==0.35.0\nvalidators==0.35.0\nwandb==0.20.1\nwatchdog==6.0.0\nwcwidth==0.2.13\nwebcolors==24.11.1\nwebencodings==0.5.1\nwebsocket-client==1.8.0\nWerkzeug==3.1.3\nwheel==0.45.1\nwidgetsnbextension==4.0.14\nwsproto==1.2.0\nxxhash==3.5.0\nyarl==1.20.0\n"", ""run_env_vars"": {}}"
ci_sft_training_20250629_120134,2025-06-29T17:01:38.639602+00:00,0,error,"Unable to create tensor, you should probably activate truncation and/or padding with 'padding=True' 'truncation=True' to have batched tensors with the same length. Perhaps your features (`messages` in this case) have excessive nesting (inputs type `list` where type `int` is expected).",
ci_sft_training_20250629_120134,2025-06-29T17:01:38.639602+00:00,0,status,failed,
ci_evaluation_20250629_120144,2025-06-29T17:01:44.249449+00:00,-1,run_init,"{""checkpoint_path"": ""/var/folders/9x/58m08f710ln5mxfj6_41qtfh0000gn/T/tmpf98o8ike/checkpoint"", ""output_json"": ""/var/folders/9x/58m08f710ln5mxfj6_41qtfh0000gn/T/tmpf98o8ike/results.json"", ""quick_mode"": true, ""num_samples"": 10}","{""git_sha"": ""139004fbd3270d10b64e329db19d7e62ad3b1d0b"", ""pip_freeze"": ""absl-py==2.3.0\naccelerate==1.7.0\naiohappyeyeballs==2.6.1\naiohttp==3.12.9\naiosignal==1.3.2\nalembic==1.16.2\naltair==5.5.0\nannotated-types==0.7.0\nanyio==4.9.0\nappnope==0.1.4\nargon2-cffi==25.1.0\nargon2-cffi-bindings==21.2.0\narrow==1.3.0\nasn1crypto==1.5.1\nasttokens==3.0.0\nasync-lru==2.0.5\nattrs==25.3.0\nbabel==2.17.0\nbcrypt==4.3.0\nbeautifulsoup4==4.13.4\nbitsandbytes==0.42.0\nbleach==6.2.0\nblinker==1.9.0\nboto3==1.38.32\nbotocore==1.38.32\ncachetools==5.5.2\ncertifi==2025.4.26\ncffi==1.17.1\ncharset-normalizer==3.4.2\nclick==8.2.1\ncloudpickle==3.0.0\ncomm==0.2.2\ncontourpy==1.3.2\ncoverage==7.9.1\ncryptography==45.0.3\ncycler==0.12.1\ndatasets==3.6.0\ndebugpy==1.8.14\ndecorator==5.2.1\ndefusedxml==0.7.1\ndill==0.3.8\ndiskcache==5.6.3\nentrypoints==0.4\nexecuting==2.2.0\nFaker==37.3.0\nfastapi==0.115.14\nfastjsonschema==2.21.1\nfavicon==0.7.0\nfilelock==3.18.0\nfonttools==4.58.2\nfqdn==1.5.1\nfrozenlist==1.6.2\nfsspec==2025.3.0\ngitdb==4.0.12\nGitPython==3.1.44\ngrpcio==1.73.0\nh11==0.16.0\nhf-xet==1.1.3\nhtbuilder==0.9.0\nhttpcore==1.0.9\nhttpx==0.28.1\nhttpx-ws==0.7.2\nhuggingface-hub==0.33.0\nidna==3.10\niniconfig==2.1.0\nipykernel==6.29.5\nipython==9.3.0\nipython_pygments_lexers==1.1.1\nipywidgets==8.1.7\nisoduration==20.11.0\njedi==0.19.2\nJinja2==3.1.6\njmespath==1.0.1\njoblib==1.5.1\njson5==0.12.0\njsonpointer==3.0.0\njsonschema==4.24.0\njsonschema-specifications==2025.4.1\njupyter==1.1.1\njupyter-console==6.6.3\njupyter-events==0.12.0\njupyter-lsp==2.2.5\njupyter_client==8.6.3\njupyter_core==5.8.1\njupyter_server==2.16.0\njupyter_server_terminals==0.5.3\njupyterlab==4.4.3\njupyterlab_pygments==0.3.0\njupyterlab_server==2.27.3\njupyterlab_widgets==3.0.15\nkiwisolver==1.4.8\nllama_cpp_python==0.3.9\nlmstudio==1.3.1\nlxml==5.4.0\nMako==1.3.10\nMarkdown==3.8\nmarkdownlit==0.0.7\nMarkupSafe==3.0.2\nmatplotlib==3.10.3\nmatplotlib-inline==0.1.7\nmistune==3.1.3\nmpmath==1.3.0\nmsgspec==0.19.0\nmultidict==6.4.4\nmultiprocess==0.70.16\nnarwhals==1.41.1\nnbclient==0.10.2\nnbconvert==7.16.6\nnbformat==5.10.4\nnest-asyncio==1.6.0\nnetworkx==3.5\nnltk==3.9.1\nnotebook==7.4.3\nnotebook_shim==0.2.4\nnumpy==2.3.0\norjson==3.10.18\noverrides==7.7.0\npackaging==24.2\npandas==2.3.0\npandocfilters==1.5.1\nparso==0.8.4\npeft @ git+https://github.com/huggingface/peft.git@759bb70acea8486b3a493792a5b6ba80b5217fb4\npexpect==4.9.0\npillow==11.2.1\nplatformdirs==4.3.8\nplotly==6.1.2\npluggy==1.6.0\nprometheus_client==0.22.1\nprompt_toolkit==3.0.51\npropcache==0.3.1\nprotobuf==5.29.5\npsutil==7.0.0\nptyprocess==0.7.0\npure_eval==0.2.3\npyarrow==18.1.0\npycparser==2.22\npydantic==2.11.7\npydantic_core==2.33.2\npydeck==0.9.1\nPygments==2.19.1\nPyJWT==2.10.1\npymdown-extensions==10.15\npyOpenSSL==25.1.0\npyparsing==3.2.3\npytest==8.4.1\npytest-asyncio==1.0.0\npytest-cov==6.2.1\npython-dateutil==2.9.0.post0\npython-dotenv==1.1.0\npython-json-logger==3.3.0\npytz==2025.2\nPyYAML==6.0.2\npyzmq==26.4.0\nreferencing==0.36.2\nregex==2024.11.6\nrequests==2.32.4\nrfc3339-validator==0.1.4\nrfc3986-validator==0.1.1\nrpds-py==0.25.1\nruff==0.12.0\ns3transfer==0.13.0\nsafetensors==0.5.3\nscikit-learn==1.7.0\nscipy==1.15.3\nseaborn==0.13.2\nSend2Trash==1.8.3\nsentence-transformers==4.1.0\nsentencepiece==0.2.0\nsentry-sdk==2.30.0\nsetproctitle==1.3.6\nsetuptools==80.9.0\nsix==1.17.0\nsmmap==5.0.2\nsniffio==1.3.1\nsnowflake-connector-python==3.15.0\nsnowflake-snowpark-python==1.32.0\nsortedcontainers==2.4.0\nsoupsieve==2.7\nSQLAlchemy==2.0.41\nst-annotated-text==4.0.2\nst-theme==1.2.3\nstack-data==0.6.3\nstarlette==0.46.2\nstreamlit==1.45.1\nstreamlit-avatar==0.1.3\nstreamlit-camera-input-live==0.2.0\nstreamlit-card==1.0.2\nstreamlit-embedcode==0.1.2\nstreamlit-extras==0.7.1\nstreamlit-faker==0.0.3\nstreamlit-image-coordinates==0.2.2\nstreamlit-keyup==0.3.0\nstreamlit-option-menu==0.4.0\nstreamlit-toggle-switch==1.0.2\nstreamlit-vertical-slider==2.5.5\nsympy==1.14.0\ntenacity==9.1.2\ntensorboard==2.19.0\ntensorboard-data-server==0.7.2\nterminado==0.18.1\nthreadpoolctl==3.6.0\ntinycss2==1.4.0\ntokenizers==0.21.1\ntoml==0.10.2\ntomlkit==0.13.3\ntorch==2.7.1\ntornado==6.5.1\ntqdm==4.67.1\ntraitlets==5.14.3\ntransformers==4.52.4\ntrl==0.19.0\ntypes-python-dateutil==2.9.0.20250516\ntyping-inspection==0.4.1\ntyping_extensions==4.14.0\ntzdata==2025.2\ntzlocal==5.3.1\nuri-template==1.3.0\nurllib3==2.4.0\nuv==0.7.11\nuvicorn==0.35.0\nvalidators==0.35.0\nwandb==0.20.1\nwatchdog==6.0.0\nwcwidth==0.2.13\nwebcolors==24.11.1\nwebencodings==0.5.1\nwebsocket-client==1.8.0\nWerkzeug==3.1.3\nwheel==0.45.1\nwidgetsnbextension==4.0.14\nwsproto==1.2.0\nxxhash==3.5.0\nyarl==1.20.0\n"", ""run_env_vars"": {}}"
ci_evaluation_20250629_120144,2025-06-29T17:01:44.250286+00:00,0,json_correctness,1.0,
ci_evaluation_20250629_120144,2025-06-29T17:01:44.250286+00:00,0,personality_alignment,0.5,
ci_evaluation_20250629_120144,2025-06-29T17:01:44.250286+00:00,0,evaluation_duration,0.0003159046173095703,
ci_evaluation_20250629_120144,2025-06-29T17:01:44.250286+00:00,0,status,completed,
ci_evaluation_20250629_120145,2025-06-29T17:01:45.277070+00:00,-1,run_init,"{""checkpoint_path"": ""/var/folders/9x/58m08f710ln5mxfj6_41qtfh0000gn/T/tmpr3b629_l/checkpoint"", ""output_json"": ""/var/folders/9x/58m08f710ln5mxfj6_41qtfh0000gn/T/tmpr3b629_l/results.json"", ""quick_mode"": true, ""num_samples"": 10}","{""git_sha"": ""139004fbd3270d10b64e329db19d7e62ad3b1d0b"", ""pip_freeze"": ""absl-py==2.3.0\naccelerate==1.7.0\naiohappyeyeballs==2.6.1\naiohttp==3.12.9\naiosignal==1.3.2\nalembic==1.16.2\naltair==5.5.0\nannotated-types==0.7.0\nanyio==4.9.0\nappnope==0.1.4\nargon2-cffi==25.1.0\nargon2-cffi-bindings==21.2.0\narrow==1.3.0\nasn1crypto==1.5.1\nasttokens==3.0.0\nasync-lru==2.0.5\nattrs==25.3.0\nbabel==2.17.0\nbcrypt==4.3.0\nbeautifulsoup4==4.13.4\nbitsandbytes==0.42.0\nbleach==6.2.0\nblinker==1.9.0\nboto3==1.38.32\nbotocore==1.38.32\ncachetools==5.5.2\ncertifi==2025.4.26\ncffi==1.17.1\ncharset-normalizer==3.4.2\nclick==8.2.1\ncloudpickle==3.0.0\ncomm==0.2.2\ncontourpy==1.3.2\ncoverage==7.9.1\ncryptography==45.0.3\ncycler==0.12.1\ndatasets==3.6.0\ndebugpy==1.8.14\ndecorator==5.2.1\ndefusedxml==0.7.1\ndill==0.3.8\ndiskcache==5.6.3\nentrypoints==0.4\nexecuting==2.2.0\nFaker==37.3.0\nfastapi==0.115.14\nfastjsonschema==2.21.1\nfavicon==0.7.0\nfilelock==3.18.0\nfonttools==4.58.2\nfqdn==1.5.1\nfrozenlist==1.6.2\nfsspec==2025.3.0\ngitdb==4.0.12\nGitPython==3.1.44\ngrpcio==1.73.0\nh11==0.16.0\nhf-xet==1.1.3\nhtbuilder==0.9.0\nhttpcore==1.0.9\nhttpx==0.28.1\nhttpx-ws==0.7.2\nhuggingface-hub==0.33.0\nidna==3.10\niniconfig==2.1.0\nipykernel==6.29.5\nipython==9.3.0\nipython_pygments_lexers==1.1.1\nipywidgets==8.1.7\nisoduration==20.11.0\njedi==0.19.2\nJinja2==3.1.6\njmespath==1.0.1\njoblib==1.5.1\njson5==0.12.0\njsonpointer==3.0.0\njsonschema==4.24.0\njsonschema-specifications==2025.4.1\njupyter==1.1.1\njupyter-console==6.6.3\njupyter-events==0.12.0\njupyter-lsp==2.2.5\njupyter_client==8.6.3\njupyter_core==5.8.1\njupyter_server==2.16.0\njupyter_server_terminals==0.5.3\njupyterlab==4.4.3\njupyterlab_pygments==0.3.0\njupyterlab_server==2.27.3\njupyterlab_widgets==3.0.15\nkiwisolver==1.4.8\nllama_cpp_python==0.3.9\nlmstudio==1.3.1\nlxml==5.4.0\nMako==1.3.10\nMarkdown==3.8\nmarkdownlit==0.0.7\nMarkupSafe==3.0.2\nmatplotlib==3.10.3\nmatplotlib-inline==0.1.7\nmistune==3.1.3\nmpmath==1.3.0\nmsgspec==0.19.0\nmultidict==6.4.4\nmultiprocess==0.70.16\nnarwhals==1.41.1\nnbclient==0.10.2\nnbconvert==7.16.6\nnbformat==5.10.4\nnest-asyncio==1.6.0\nnetworkx==3.5\nnltk==3.9.1\nnotebook==7.4.3\nnotebook_shim==0.2.4\nnumpy==2.3.0\norjson==3.10.18\noverrides==7.7.0\npackaging==24.2\npandas==2.3.0\npandocfilters==1.5.1\nparso==0.8.4\npeft @ git+https://github.com/huggingface/peft.git@759bb70acea8486b3a493792a5b6ba80b5217fb4\npexpect==4.9.0\npillow==11.2.1\nplatformdirs==4.3.8\nplotly==6.1.2\npluggy==1.6.0\nprometheus_client==0.22.1\nprompt_toolkit==3.0.51\npropcache==0.3.1\nprotobuf==5.29.5\npsutil==7.0.0\nptyprocess==0.7.0\npure_eval==0.2.3\npyarrow==18.1.0\npycparser==2.22\npydantic==2.11.7\npydantic_core==2.33.2\npydeck==0.9.1\nPygments==2.19.1\nPyJWT==2.10.1\npymdown-extensions==10.15\npyOpenSSL==25.1.0\npyparsing==3.2.3\npytest==8.4.1\npytest-asyncio==1.0.0\npytest-cov==6.2.1\npython-dateutil==2.9.0.post0\npython-dotenv==1.1.0\npython-json-logger==3.3.0\npytz==2025.2\nPyYAML==6.0.2\npyzmq==26.4.0\nreferencing==0.36.2\nregex==2024.11.6\nrequests==2.32.4\nrfc3339-validator==0.1.4\nrfc3986-validator==0.1.1\nrpds-py==0.25.1\nruff==0.12.0\ns3transfer==0.13.0\nsafetensors==0.5.3\nscikit-learn==1.7.0\nscipy==1.15.3\nseaborn==0.13.2\nSend2Trash==1.8.3\nsentence-transformers==4.1.0\nsentencepiece==0.2.0\nsentry-sdk==2.30.0\nsetproctitle==1.3.6\nsetuptools==80.9.0\nsix==1.17.0\nsmmap==5.0.2\nsniffio==1.3.1\nsnowflake-connector-python==3.15.0\nsnowflake-snowpark-python==1.32.0\nsortedcontainers==2.4.0\nsoupsieve==2.7\nSQLAlchemy==2.0.41\nst-annotated-text==4.0.2\nst-theme==1.2.3\nstack-data==0.6.3\nstarlette==0.46.2\nstreamlit==1.45.1\nstreamlit-avatar==0.1.3\nstreamlit-camera-input-live==0.2.0\nstreamlit-card==1.0.2\nstreamlit-embedcode==0.1.2\nstreamlit-extras==0.7.1\nstreamlit-faker==0.0.3\nstreamlit-image-coordinates==0.2.2\nstreamlit-keyup==0.3.0\nstreamlit-option-menu==0.4.0\nstreamlit-toggle-switch==1.0.2\nstreamlit-vertical-slider==2.5.5\nsympy==1.14.0\ntenacity==9.1.2\ntensorboard==2.19.0\ntensorboard-data-server==0.7.2\nterminado==0.18.1\nthreadpoolctl==3.6.0\ntinycss2==1.4.0\ntokenizers==0.21.1\ntoml==0.10.2\ntomlkit==0.13.3\ntorch==2.7.1\ntornado==6.5.1\ntqdm==4.67.1\ntraitlets==5.14.3\ntransformers==4.52.4\ntrl==0.19.0\ntypes-python-dateutil==2.9.0.20250516\ntyping-inspection==0.4.1\ntyping_extensions==4.14.0\ntzdata==2025.2\ntzlocal==5.3.1\nuri-template==1.3.0\nurllib3==2.4.0\nuv==0.7.11\nuvicorn==0.35.0\nvalidators==0.35.0\nwandb==0.20.1\nwatchdog==6.0.0\nwcwidth==0.2.13\nwebcolors==24.11.1\nwebencodings==0.5.1\nwebsocket-client==1.8.0\nWerkzeug==3.1.3\nwheel==0.45.1\nwidgetsnbextension==4.0.14\nwsproto==1.2.0\nxxhash==3.5.0\nyarl==1.20.0\n"", ""run_env_vars"": {}}"
ci_evaluation_20250629_120145,2025-06-29T17:01:45.277836+00:00,0,json_correctness,1.0,
ci_evaluation_20250629_120145,2025-06-29T17:01:45.277836+00:00,0,personality_alignment,0.5,
ci_evaluation_20250629_120145,2025-06-29T17:01:45.277836+00:00,0,evaluation_duration,0.0002911090850830078,
ci_evaluation_20250629_120145,2025-06-29T17:01:45.277836+00:00,0,status,completed,
ci_sft_training_20250629_120330,2025-06-29T17:03:30.756870+00:00,-1,run_init,"{""model_name"": ""HuggingFaceTB/SmolLM2-135M-Instruct"", ""learning_rate"": 0.0002, ""batch_size"": 1, ""max_steps"": 3, ""output_dir"": ""/tmp/ci_test"", ""quick_mode"": true, ""dataset_size"": 5}","{""git_sha"": ""139004fbd3270d10b64e329db19d7e62ad3b1d0b"", ""pip_freeze"": ""absl-py==2.3.0\naccelerate==1.7.0\naiohappyeyeballs==2.6.1\naiohttp==3.12.9\naiosignal==1.3.2\nalembic==1.16.2\naltair==5.5.0\nannotated-types==0.7.0\nanyio==4.9.0\nappnope==0.1.4\nargon2-cffi==25.1.0\nargon2-cffi-bindings==21.2.0\narrow==1.3.0\nasn1crypto==1.5.1\nasttokens==3.0.0\nasync-lru==2.0.5\nattrs==25.3.0\nbabel==2.17.0\nbcrypt==4.3.0\nbeautifulsoup4==4.13.4\nbitsandbytes==0.42.0\nbleach==6.2.0\nblinker==1.9.0\nboto3==1.38.32\nbotocore==1.38.32\ncachetools==5.5.2\ncertifi==2025.4.26\ncffi==1.17.1\ncharset-normalizer==3.4.2\nclick==8.2.1\ncloudpickle==3.0.0\ncomm==0.2.2\ncontourpy==1.3.2\ncoverage==7.9.1\ncryptography==45.0.3\ncycler==0.12.1\ndatasets==3.6.0\ndebugpy==1.8.14\ndecorator==5.2.1\ndefusedxml==0.7.1\ndill==0.3.8\ndiskcache==5.6.3\nentrypoints==0.4\nexecuting==2.2.0\nFaker==37.3.0\nfastapi==0.115.14\nfastjsonschema==2.21.1\nfavicon==0.7.0\nfilelock==3.18.0\nfonttools==4.58.2\nfqdn==1.5.1\nfrozenlist==1.6.2\nfsspec==2025.3.0\ngitdb==4.0.12\nGitPython==3.1.44\ngrpcio==1.73.0\nh11==0.16.0\nhf-xet==1.1.3\nhtbuilder==0.9.0\nhttpcore==1.0.9\nhttpx==0.28.1\nhttpx-ws==0.7.2\nhuggingface-hub==0.33.0\nidna==3.10\niniconfig==2.1.0\nipykernel==6.29.5\nipython==9.3.0\nipython_pygments_lexers==1.1.1\nipywidgets==8.1.7\nisoduration==20.11.0\njedi==0.19.2\nJinja2==3.1.6\njmespath==1.0.1\njoblib==1.5.1\njson5==0.12.0\njsonpointer==3.0.0\njsonschema==4.24.0\njsonschema-specifications==2025.4.1\njupyter==1.1.1\njupyter-console==6.6.3\njupyter-events==0.12.0\njupyter-lsp==2.2.5\njupyter_client==8.6.3\njupyter_core==5.8.1\njupyter_server==2.16.0\njupyter_server_terminals==0.5.3\njupyterlab==4.4.3\njupyterlab_pygments==0.3.0\njupyterlab_server==2.27.3\njupyterlab_widgets==3.0.15\nkiwisolver==1.4.8\nllama_cpp_python==0.3.9\nlmstudio==1.3.1\nlxml==5.4.0\nMako==1.3.10\nMarkdown==3.8\nmarkdownlit==0.0.7\nMarkupSafe==3.0.2\nmatplotlib==3.10.3\nmatplotlib-inline==0.1.7\nmistune==3.1.3\nmpmath==1.3.0\nmsgspec==0.19.0\nmultidict==6.4.4\nmultiprocess==0.70.16\nnarwhals==1.41.1\nnbclient==0.10.2\nnbconvert==7.16.6\nnbformat==5.10.4\nnest-asyncio==1.6.0\nnetworkx==3.5\nnltk==3.9.1\nnotebook==7.4.3\nnotebook_shim==0.2.4\nnumpy==2.3.0\norjson==3.10.18\noverrides==7.7.0\npackaging==24.2\npandas==2.3.0\npandocfilters==1.5.1\nparso==0.8.4\npeft @ git+https://github.com/huggingface/peft.git@759bb70acea8486b3a493792a5b6ba80b5217fb4\npexpect==4.9.0\npillow==11.2.1\nplatformdirs==4.3.8\nplotly==6.1.2\npluggy==1.6.0\nprometheus_client==0.22.1\nprompt_toolkit==3.0.51\npropcache==0.3.1\nprotobuf==5.29.5\npsutil==7.0.0\nptyprocess==0.7.0\npure_eval==0.2.3\npyarrow==18.1.0\npycparser==2.22\npydantic==2.11.7\npydantic_core==2.33.2\npydeck==0.9.1\nPygments==2.19.1\nPyJWT==2.10.1\npymdown-extensions==10.15\npyOpenSSL==25.1.0\npyparsing==3.2.3\npytest==8.4.1\npytest-asyncio==1.0.0\npytest-cov==6.2.1\npython-dateutil==2.9.0.post0\npython-dotenv==1.1.0\npython-json-logger==3.3.0\npytz==2025.2\nPyYAML==6.0.2\npyzmq==26.4.0\nreferencing==0.36.2\nregex==2024.11.6\nrequests==2.32.4\nrfc3339-validator==0.1.4\nrfc3986-validator==0.1.1\nrpds-py==0.25.1\nruff==0.12.0\ns3transfer==0.13.0\nsafetensors==0.5.3\nscikit-learn==1.7.0\nscipy==1.15.3\nseaborn==0.13.2\nSend2Trash==1.8.3\nsentence-transformers==4.1.0\nsentencepiece==0.2.0\nsentry-sdk==2.30.0\nsetproctitle==1.3.6\nsetuptools==80.9.0\nsix==1.17.0\nsmmap==5.0.2\nsniffio==1.3.1\nsnowflake-connector-python==3.15.0\nsnowflake-snowpark-python==1.32.0\nsortedcontainers==2.4.0\nsoupsieve==2.7\nSQLAlchemy==2.0.41\nst-annotated-text==4.0.2\nst-theme==1.2.3\nstack-data==0.6.3\nstarlette==0.46.2\nstreamlit==1.45.1\nstreamlit-avatar==0.1.3\nstreamlit-camera-input-live==0.2.0\nstreamlit-card==1.0.2\nstreamlit-embedcode==0.1.2\nstreamlit-extras==0.7.1\nstreamlit-faker==0.0.3\nstreamlit-image-coordinates==0.2.2\nstreamlit-keyup==0.3.0\nstreamlit-option-menu==0.4.0\nstreamlit-toggle-switch==1.0.2\nstreamlit-vertical-slider==2.5.5\nsympy==1.14.0\ntenacity==9.1.2\ntensorboard==2.19.0\ntensorboard-data-server==0.7.2\nterminado==0.18.1\nthreadpoolctl==3.6.0\ntinycss2==1.4.0\ntokenizers==0.21.1\ntoml==0.10.2\ntomlkit==0.13.3\ntorch==2.7.1\ntornado==6.5.1\ntqdm==4.67.1\ntraitlets==5.14.3\ntransformers==4.52.4\ntrl==0.19.0\ntypes-python-dateutil==2.9.0.20250516\ntyping-inspection==0.4.1\ntyping_extensions==4.14.0\ntzdata==2025.2\ntzlocal==5.3.1\nuri-template==1.3.0\nurllib3==2.4.0\nuv==0.7.11\nuvicorn==0.35.0\nvalidators==0.35.0\nwandb==0.20.1\nwatchdog==6.0.0\nwcwidth==0.2.13\nwebcolors==24.11.1\nwebencodings==0.5.1\nwebsocket-client==1.8.0\nWerkzeug==3.1.3\nwheel==0.45.1\nwidgetsnbextension==4.0.14\nwsproto==1.2.0\nxxhash==3.5.0\nyarl==1.20.0\n"", ""run_env_vars"": {}}"
ci_sft_training_20250629_120330,2025-06-29T17:03:35.719938+00:00,0,error,"Unable to create tensor, you should probably activate truncation and/or padding with 'padding=True' 'truncation=True' to have batched tensors with the same length. Perhaps your features (`messages` in this case) have excessive nesting (inputs type `list` where type `int` is expected).",
ci_sft_training_20250629_120330,2025-06-29T17:03:35.719938+00:00,0,status,failed,
ci_sft_training_20250629_120415,2025-06-29T17:04:15.010326+00:00,-1,run_init,"{""model_name"": ""HuggingFaceTB/SmolLM2-135M-Instruct"", ""learning_rate"": 0.0002, ""batch_size"": 1, ""max_steps"": 2, ""output_dir"": ""/tmp/ci_test_v2"", ""quick_mode"": true, ""dataset_size"": 3}","{""git_sha"": ""139004fbd3270d10b64e329db19d7e62ad3b1d0b"", ""pip_freeze"": ""absl-py==2.3.0\naccelerate==1.7.0\naiohappyeyeballs==2.6.1\naiohttp==3.12.9\naiosignal==1.3.2\nalembic==1.16.2\naltair==5.5.0\nannotated-types==0.7.0\nanyio==4.9.0\nappnope==0.1.4\nargon2-cffi==25.1.0\nargon2-cffi-bindings==21.2.0\narrow==1.3.0\nasn1crypto==1.5.1\nasttokens==3.0.0\nasync-lru==2.0.5\nattrs==25.3.0\nbabel==2.17.0\nbcrypt==4.3.0\nbeautifulsoup4==4.13.4\nbitsandbytes==0.42.0\nbleach==6.2.0\nblinker==1.9.0\nboto3==1.38.32\nbotocore==1.38.32\ncachetools==5.5.2\ncertifi==2025.4.26\ncffi==1.17.1\ncharset-normalizer==3.4.2\nclick==8.2.1\ncloudpickle==3.0.0\ncomm==0.2.2\ncontourpy==1.3.2\ncoverage==7.9.1\ncryptography==45.0.3\ncycler==0.12.1\ndatasets==3.6.0\ndebugpy==1.8.14\ndecorator==5.2.1\ndefusedxml==0.7.1\ndill==0.3.8\ndiskcache==5.6.3\nentrypoints==0.4\nexecuting==2.2.0\nFaker==37.3.0\nfastapi==0.115.14\nfastjsonschema==2.21.1\nfavicon==0.7.0\nfilelock==3.18.0\nfonttools==4.58.2\nfqdn==1.5.1\nfrozenlist==1.6.2\nfsspec==2025.3.0\ngitdb==4.0.12\nGitPython==3.1.44\ngrpcio==1.73.0\nh11==0.16.0\nhf-xet==1.1.3\nhtbuilder==0.9.0\nhttpcore==1.0.9\nhttpx==0.28.1\nhttpx-ws==0.7.2\nhuggingface-hub==0.33.0\nidna==3.10\niniconfig==2.1.0\nipykernel==6.29.5\nipython==9.3.0\nipython_pygments_lexers==1.1.1\nipywidgets==8.1.7\nisoduration==20.11.0\njedi==0.19.2\nJinja2==3.1.6\njmespath==1.0.1\njoblib==1.5.1\njson5==0.12.0\njsonpointer==3.0.0\njsonschema==4.24.0\njsonschema-specifications==2025.4.1\njupyter==1.1.1\njupyter-console==6.6.3\njupyter-events==0.12.0\njupyter-lsp==2.2.5\njupyter_client==8.6.3\njupyter_core==5.8.1\njupyter_server==2.16.0\njupyter_server_terminals==0.5.3\njupyterlab==4.4.3\njupyterlab_pygments==0.3.0\njupyterlab_server==2.27.3\njupyterlab_widgets==3.0.15\nkiwisolver==1.4.8\nllama_cpp_python==0.3.9\nlmstudio==1.3.1\nlxml==5.4.0\nMako==1.3.10\nMarkdown==3.8\nmarkdownlit==0.0.7\nMarkupSafe==3.0.2\nmatplotlib==3.10.3\nmatplotlib-inline==0.1.7\nmistune==3.1.3\nmpmath==1.3.0\nmsgspec==0.19.0\nmultidict==6.4.4\nmultiprocess==0.70.16\nnarwhals==1.41.1\nnbclient==0.10.2\nnbconvert==7.16.6\nnbformat==5.10.4\nnest-asyncio==1.6.0\nnetworkx==3.5\nnltk==3.9.1\nnotebook==7.4.3\nnotebook_shim==0.2.4\nnumpy==2.3.0\norjson==3.10.18\noverrides==7.7.0\npackaging==24.2\npandas==2.3.0\npandocfilters==1.5.1\nparso==0.8.4\npeft @ git+https://github.com/huggingface/peft.git@759bb70acea8486b3a493792a5b6ba80b5217fb4\npexpect==4.9.0\npillow==11.2.1\nplatformdirs==4.3.8\nplotly==6.1.2\npluggy==1.6.0\nprometheus_client==0.22.1\nprompt_toolkit==3.0.51\npropcache==0.3.1\nprotobuf==5.29.5\npsutil==7.0.0\nptyprocess==0.7.0\npure_eval==0.2.3\npyarrow==18.1.0\npycparser==2.22\npydantic==2.11.7\npydantic_core==2.33.2\npydeck==0.9.1\nPygments==2.19.1\nPyJWT==2.10.1\npymdown-extensions==10.15\npyOpenSSL==25.1.0\npyparsing==3.2.3\npytest==8.4.1\npytest-asyncio==1.0.0\npytest-cov==6.2.1\npython-dateutil==2.9.0.post0\npython-dotenv==1.1.0\npython-json-logger==3.3.0\npytz==2025.2\nPyYAML==6.0.2\npyzmq==26.4.0\nreferencing==0.36.2\nregex==2024.11.6\nrequests==2.32.4\nrfc3339-validator==0.1.4\nrfc3986-validator==0.1.1\nrpds-py==0.25.1\nruff==0.12.0\ns3transfer==0.13.0\nsafetensors==0.5.3\nscikit-learn==1.7.0\nscipy==1.15.3\nseaborn==0.13.2\nSend2Trash==1.8.3\nsentence-transformers==4.1.0\nsentencepiece==0.2.0\nsentry-sdk==2.30.0\nsetproctitle==1.3.6\nsetuptools==80.9.0\nsix==1.17.0\nsmmap==5.0.2\nsniffio==1.3.1\nsnowflake-connector-python==3.15.0\nsnowflake-snowpark-python==1.32.0\nsortedcontainers==2.4.0\nsoupsieve==2.7\nSQLAlchemy==2.0.41\nst-annotated-text==4.0.2\nst-theme==1.2.3\nstack-data==0.6.3\nstarlette==0.46.2\nstreamlit==1.45.1\nstreamlit-avatar==0.1.3\nstreamlit-camera-input-live==0.2.0\nstreamlit-card==1.0.2\nstreamlit-embedcode==0.1.2\nstreamlit-extras==0.7.1\nstreamlit-faker==0.0.3\nstreamlit-image-coordinates==0.2.2\nstreamlit-keyup==0.3.0\nstreamlit-option-menu==0.4.0\nstreamlit-toggle-switch==1.0.2\nstreamlit-vertical-slider==2.5.5\nsympy==1.14.0\ntenacity==9.1.2\ntensorboard==2.19.0\ntensorboard-data-server==0.7.2\nterminado==0.18.1\nthreadpoolctl==3.6.0\ntinycss2==1.4.0\ntokenizers==0.21.1\ntoml==0.10.2\ntomlkit==0.13.3\ntorch==2.7.1\ntornado==6.5.1\ntqdm==4.67.1\ntraitlets==5.14.3\ntransformers==4.52.4\ntrl==0.19.0\ntypes-python-dateutil==2.9.0.20250516\ntyping-inspection==0.4.1\ntyping_extensions==4.14.0\ntzdata==2025.2\ntzlocal==5.3.1\nuri-template==1.3.0\nurllib3==2.4.0\nuv==0.7.11\nuvicorn==0.35.0\nvalidators==0.35.0\nwandb==0.20.1\nwatchdog==6.0.0\nwcwidth==0.2.13\nwebcolors==24.11.1\nwebencodings==0.5.1\nwebsocket-client==1.8.0\nWerkzeug==3.1.3\nwheel==0.45.1\nwidgetsnbextension==4.0.14\nwsproto==1.2.0\nxxhash==3.5.0\nyarl==1.20.0\n"", ""run_env_vars"": {}}"
ci_sft_training_20250629_120415,2025-06-29T17:04:29.078649+00:00,0,final_loss,1.8161014914512634,
ci_sft_training_20250629_120415,2025-06-29T17:04:29.078649+00:00,0,training_duration,8.659855842590332,
ci_sft_training_20250629_120415,2025-06-29T17:04:29.078649+00:00,0,max_steps,2,
ci_sft_training_20250629_120415,2025-06-29T17:04:29.078649+00:00,0,dataset_size,3,
ci_sft_training_20250629_120415,2025-06-29T17:04:29.078649+00:00,0,status,completed,
ci_evaluation_20250629_120510,2025-06-29T17:05:10.779386+00:00,-1,run_init,"{""checkpoint_path"": ""/tmp/ci_test_v2"", ""output_json"": ""/tmp/eval_results_v2.json"", ""quick_mode"": true, ""num_samples"": 10}","{""git_sha"": ""139004fbd3270d10b64e329db19d7e62ad3b1d0b"", ""pip_freeze"": ""absl-py==2.3.0\naccelerate==1.7.0\naiohappyeyeballs==2.6.1\naiohttp==3.12.9\naiosignal==1.3.2\nalembic==1.16.2\naltair==5.5.0\nannotated-types==0.7.0\nanyio==4.9.0\nappnope==0.1.4\nargon2-cffi==25.1.0\nargon2-cffi-bindings==21.2.0\narrow==1.3.0\nasn1crypto==1.5.1\nasttokens==3.0.0\nasync-lru==2.0.5\nattrs==25.3.0\nbabel==2.17.0\nbcrypt==4.3.0\nbeautifulsoup4==4.13.4\nbitsandbytes==0.42.0\nbleach==6.2.0\nblinker==1.9.0\nboto3==1.38.32\nbotocore==1.38.32\ncachetools==5.5.2\ncertifi==2025.4.26\ncffi==1.17.1\ncharset-normalizer==3.4.2\nclick==8.2.1\ncloudpickle==3.0.0\ncomm==0.2.2\ncontourpy==1.3.2\ncoverage==7.9.1\ncryptography==45.0.3\ncycler==0.12.1\ndatasets==3.6.0\ndebugpy==1.8.14\ndecorator==5.2.1\ndefusedxml==0.7.1\ndill==0.3.8\ndiskcache==5.6.3\nentrypoints==0.4\nexecuting==2.2.0\nFaker==37.3.0\nfastapi==0.115.14\nfastjsonschema==2.21.1\nfavicon==0.7.0\nfilelock==3.18.0\nfonttools==4.58.2\nfqdn==1.5.1\nfrozenlist==1.6.2\nfsspec==2025.3.0\ngitdb==4.0.12\nGitPython==3.1.44\ngrpcio==1.73.0\nh11==0.16.0\nhf-xet==1.1.3\nhtbuilder==0.9.0\nhttpcore==1.0.9\nhttpx==0.28.1\nhttpx-ws==0.7.2\nhuggingface-hub==0.33.0\nidna==3.10\niniconfig==2.1.0\nipykernel==6.29.5\nipython==9.3.0\nipython_pygments_lexers==1.1.1\nipywidgets==8.1.7\nisoduration==20.11.0\njedi==0.19.2\nJinja2==3.1.6\njmespath==1.0.1\njoblib==1.5.1\njson5==0.12.0\njsonpointer==3.0.0\njsonschema==4.24.0\njsonschema-specifications==2025.4.1\njupyter==1.1.1\njupyter-console==6.6.3\njupyter-events==0.12.0\njupyter-lsp==2.2.5\njupyter_client==8.6.3\njupyter_core==5.8.1\njupyter_server==2.16.0\njupyter_server_terminals==0.5.3\njupyterlab==4.4.3\njupyterlab_pygments==0.3.0\njupyterlab_server==2.27.3\njupyterlab_widgets==3.0.15\nkiwisolver==1.4.8\nllama_cpp_python==0.3.9\nlmstudio==1.3.1\nlxml==5.4.0\nMako==1.3.10\nMarkdown==3.8\nmarkdownlit==0.0.7\nMarkupSafe==3.0.2\nmatplotlib==3.10.3\nmatplotlib-inline==0.1.7\nmistune==3.1.3\nmpmath==1.3.0\nmsgspec==0.19.0\nmultidict==6.4.4\nmultiprocess==0.70.16\nnarwhals==1.41.1\nnbclient==0.10.2\nnbconvert==7.16.6\nnbformat==5.10.4\nnest-asyncio==1.6.0\nnetworkx==3.5\nnltk==3.9.1\nnotebook==7.4.3\nnotebook_shim==0.2.4\nnumpy==2.3.0\norjson==3.10.18\noverrides==7.7.0\npackaging==24.2\npandas==2.3.0\npandocfilters==1.5.1\nparso==0.8.4\npeft @ git+https://github.com/huggingface/peft.git@759bb70acea8486b3a493792a5b6ba80b5217fb4\npexpect==4.9.0\npillow==11.2.1\nplatformdirs==4.3.8\nplotly==6.1.2\npluggy==1.6.0\nprometheus_client==0.22.1\nprompt_toolkit==3.0.51\npropcache==0.3.1\nprotobuf==5.29.5\npsutil==7.0.0\nptyprocess==0.7.0\npure_eval==0.2.3\npyarrow==18.1.0\npycparser==2.22\npydantic==2.11.7\npydantic_core==2.33.2\npydeck==0.9.1\nPygments==2.19.1\nPyJWT==2.10.1\npymdown-extensions==10.15\npyOpenSSL==25.1.0\npyparsing==3.2.3\npytest==8.4.1\npytest-asyncio==1.0.0\npytest-cov==6.2.1\npython-dateutil==2.9.0.post0\npython-dotenv==1.1.0\npython-json-logger==3.3.0\npytz==2025.2\nPyYAML==6.0.2\npyzmq==26.4.0\nreferencing==0.36.2\nregex==2024.11.6\nrequests==2.32.4\nrfc3339-validator==0.1.4\nrfc3986-validator==0.1.1\nrpds-py==0.25.1\nruff==0.12.0\ns3transfer==0.13.0\nsafetensors==0.5.3\nscikit-learn==1.7.0\nscipy==1.15.3\nseaborn==0.13.2\nSend2Trash==1.8.3\nsentence-transformers==4.1.0\nsentencepiece==0.2.0\nsentry-sdk==2.30.0\nsetproctitle==1.3.6\nsetuptools==80.9.0\nsix==1.17.0\nsmmap==5.0.2\nsniffio==1.3.1\nsnowflake-connector-python==3.15.0\nsnowflake-snowpark-python==1.32.0\nsortedcontainers==2.4.0\nsoupsieve==2.7\nSQLAlchemy==2.0.41\nst-annotated-text==4.0.2\nst-theme==1.2.3\nstack-data==0.6.3\nstarlette==0.46.2\nstreamlit==1.45.1\nstreamlit-avatar==0.1.3\nstreamlit-camera-input-live==0.2.0\nstreamlit-card==1.0.2\nstreamlit-embedcode==0.1.2\nstreamlit-extras==0.7.1\nstreamlit-faker==0.0.3\nstreamlit-image-coordinates==0.2.2\nstreamlit-keyup==0.3.0\nstreamlit-option-menu==0.4.0\nstreamlit-toggle-switch==1.0.2\nstreamlit-vertical-slider==2.5.5\nsympy==1.14.0\ntenacity==9.1.2\ntensorboard==2.19.0\ntensorboard-data-server==0.7.2\nterminado==0.18.1\nthreadpoolctl==3.6.0\ntinycss2==1.4.0\ntokenizers==0.21.1\ntoml==0.10.2\ntomlkit==0.13.3\ntorch==2.7.1\ntornado==6.5.1\ntqdm==4.67.1\ntraitlets==5.14.3\ntransformers==4.52.4\ntrl==0.19.0\ntypes-python-dateutil==2.9.0.20250516\ntyping-inspection==0.4.1\ntyping_extensions==4.14.0\ntzdata==2025.2\ntzlocal==5.3.1\nuri-template==1.3.0\nurllib3==2.4.0\nuv==0.7.11\nuvicorn==0.35.0\nvalidators==0.35.0\nwandb==0.20.1\nwatchdog==6.0.0\nwcwidth==0.2.13\nwebcolors==24.11.1\nwebencodings==0.5.1\nwebsocket-client==1.8.0\nWerkzeug==3.1.3\nwheel==0.45.1\nwidgetsnbextension==4.0.14\nwsproto==1.2.0\nxxhash==3.5.0\nyarl==1.20.0\n"", ""run_env_vars"": {}}"
ci_evaluation_20250629_120510,2025-06-29T17:05:10.780161+00:00,0,json_correctness,1.0,
ci_evaluation_20250629_120510,2025-06-29T17:05:10.780161+00:00,0,personality_alignment,0.5,
ci_evaluation_20250629_120510,2025-06-29T17:05:10.780161+00:00,0,evaluation_duration,0.00029206275939941406,
ci_evaluation_20250629_120510,2025-06-29T17:05:10.780161+00:00,0,status,completed,
ci_sft_training_20250629_120630,2025-06-29T17:06:30.635730+00:00,-1,run_init,"{""model_name"": ""HuggingFaceTB/SmolLM2-135M-Instruct"", ""learning_rate"": 0.0002, ""batch_size"": 1, ""max_steps"": 5, ""output_dir"": ""/var/folders/9x/58m08f710ln5mxfj6_41qtfh0000gn/T/tmpztnpojp3"", ""quick_mode"": true, ""dataset_size"": 100}","{""git_sha"": ""139004fbd3270d10b64e329db19d7e62ad3b1d0b"", ""pip_freeze"": ""absl-py==2.3.0\naccelerate==1.7.0\naiohappyeyeballs==2.6.1\naiohttp==3.12.9\naiosignal==1.3.2\nalembic==1.16.2\naltair==5.5.0\nannotated-types==0.7.0\nanyio==4.9.0\nappnope==0.1.4\nargon2-cffi==25.1.0\nargon2-cffi-bindings==21.2.0\narrow==1.3.0\nasn1crypto==1.5.1\nasttokens==3.0.0\nasync-lru==2.0.5\nattrs==25.3.0\nbabel==2.17.0\nbcrypt==4.3.0\nbeautifulsoup4==4.13.4\nbitsandbytes==0.42.0\nbleach==6.2.0\nblinker==1.9.0\nboto3==1.38.32\nbotocore==1.38.32\ncachetools==5.5.2\ncertifi==2025.4.26\ncffi==1.17.1\ncharset-normalizer==3.4.2\nclick==8.2.1\ncloudpickle==3.0.0\ncomm==0.2.2\ncontourpy==1.3.2\ncoverage==7.9.1\ncryptography==45.0.3\ncycler==0.12.1\ndatasets==3.6.0\ndebugpy==1.8.14\ndecorator==5.2.1\ndefusedxml==0.7.1\ndill==0.3.8\ndiskcache==5.6.3\nentrypoints==0.4\nexecuting==2.2.0\nFaker==37.3.0\nfastapi==0.115.14\nfastjsonschema==2.21.1\nfavicon==0.7.0\nfilelock==3.18.0\nfonttools==4.58.2\nfqdn==1.5.1\nfrozenlist==1.6.2\nfsspec==2025.3.0\ngitdb==4.0.12\nGitPython==3.1.44\ngrpcio==1.73.0\nh11==0.16.0\nhf-xet==1.1.3\nhtbuilder==0.9.0\nhttpcore==1.0.9\nhttpx==0.28.1\nhttpx-ws==0.7.2\nhuggingface-hub==0.33.0\nidna==3.10\niniconfig==2.1.0\nipykernel==6.29.5\nipython==9.3.0\nipython_pygments_lexers==1.1.1\nipywidgets==8.1.7\nisoduration==20.11.0\njedi==0.19.2\nJinja2==3.1.6\njmespath==1.0.1\njoblib==1.5.1\njson5==0.12.0\njsonpointer==3.0.0\njsonschema==4.24.0\njsonschema-specifications==2025.4.1\njupyter==1.1.1\njupyter-console==6.6.3\njupyter-events==0.12.0\njupyter-lsp==2.2.5\njupyter_client==8.6.3\njupyter_core==5.8.1\njupyter_server==2.16.0\njupyter_server_terminals==0.5.3\njupyterlab==4.4.3\njupyterlab_pygments==0.3.0\njupyterlab_server==2.27.3\njupyterlab_widgets==3.0.15\nkiwisolver==1.4.8\nllama_cpp_python==0.3.9\nlmstudio==1.3.1\nlxml==5.4.0\nMako==1.3.10\nMarkdown==3.8\nmarkdownlit==0.0.7\nMarkupSafe==3.0.2\nmatplotlib==3.10.3\nmatplotlib-inline==0.1.7\nmistune==3.1.3\nmpmath==1.3.0\nmsgspec==0.19.0\nmultidict==6.4.4\nmultiprocess==0.70.16\nnarwhals==1.41.1\nnbclient==0.10.2\nnbconvert==7.16.6\nnbformat==5.10.4\nnest-asyncio==1.6.0\nnetworkx==3.5\nnltk==3.9.1\nnotebook==7.4.3\nnotebook_shim==0.2.4\nnumpy==2.3.0\norjson==3.10.18\noverrides==7.7.0\npackaging==24.2\npandas==2.3.0\npandocfilters==1.5.1\nparso==0.8.4\npeft @ git+https://github.com/huggingface/peft.git@759bb70acea8486b3a493792a5b6ba80b5217fb4\npexpect==4.9.0\npillow==11.2.1\nplatformdirs==4.3.8\nplotly==6.1.2\npluggy==1.6.0\nprometheus_client==0.22.1\nprompt_toolkit==3.0.51\npropcache==0.3.1\nprotobuf==5.29.5\npsutil==7.0.0\nptyprocess==0.7.0\npure_eval==0.2.3\npyarrow==18.1.0\npycparser==2.22\npydantic==2.11.7\npydantic_core==2.33.2\npydeck==0.9.1\nPygments==2.19.1\nPyJWT==2.10.1\npymdown-extensions==10.15\npyOpenSSL==25.1.0\npyparsing==3.2.3\npytest==8.4.1\npytest-asyncio==1.0.0\npytest-cov==6.2.1\npython-dateutil==2.9.0.post0\npython-dotenv==1.1.0\npython-json-logger==3.3.0\npytz==2025.2\nPyYAML==6.0.2\npyzmq==26.4.0\nreferencing==0.36.2\nregex==2024.11.6\nrequests==2.32.4\nrfc3339-validator==0.1.4\nrfc3986-validator==0.1.1\nrpds-py==0.25.1\nruff==0.12.0\ns3transfer==0.13.0\nsafetensors==0.5.3\nscikit-learn==1.7.0\nscipy==1.15.3\nseaborn==0.13.2\nSend2Trash==1.8.3\nsentence-transformers==4.1.0\nsentencepiece==0.2.0\nsentry-sdk==2.30.0\nsetproctitle==1.3.6\nsetuptools==80.9.0\nsix==1.17.0\nsmmap==5.0.2\nsniffio==1.3.1\nsnowflake-connector-python==3.15.0\nsnowflake-snowpark-python==1.32.0\nsortedcontainers==2.4.0\nsoupsieve==2.7\nSQLAlchemy==2.0.41\nst-annotated-text==4.0.2\nst-theme==1.2.3\nstack-data==0.6.3\nstarlette==0.46.2\nstreamlit==1.45.1\nstreamlit-avatar==0.1.3\nstreamlit-camera-input-live==0.2.0\nstreamlit-card==1.0.2\nstreamlit-embedcode==0.1.2\nstreamlit-extras==0.7.1\nstreamlit-faker==0.0.3\nstreamlit-image-coordinates==0.2.2\nstreamlit-keyup==0.3.0\nstreamlit-option-menu==0.4.0\nstreamlit-toggle-switch==1.0.2\nstreamlit-vertical-slider==2.5.5\nsympy==1.14.0\ntenacity==9.1.2\ntensorboard==2.19.0\ntensorboard-data-server==0.7.2\nterminado==0.18.1\nthreadpoolctl==3.6.0\ntinycss2==1.4.0\ntokenizers==0.21.1\ntoml==0.10.2\ntomlkit==0.13.3\ntorch==2.7.1\ntornado==6.5.1\ntqdm==4.67.1\ntraitlets==5.14.3\ntransformers==4.52.4\ntrl==0.19.0\ntypes-python-dateutil==2.9.0.20250516\ntyping-inspection==0.4.1\ntyping_extensions==4.14.0\ntzdata==2025.2\ntzlocal==5.3.1\nuri-template==1.3.0\nurllib3==2.4.0\nuv==0.7.11\nuvicorn==0.35.0\nvalidators==0.35.0\nwandb==0.20.1\nwatchdog==6.0.0\nwcwidth==0.2.13\nwebcolors==24.11.1\nwebencodings==0.5.1\nwebsocket-client==1.8.0\nWerkzeug==3.1.3\nwheel==0.45.1\nwidgetsnbextension==4.0.14\nwsproto==1.2.0\nxxhash==3.5.0\nyarl==1.20.0\n"", ""run_env_vars"": {}}"
ci_sft_training_20250629_120630,2025-06-29T17:06:42.836438+00:00,0,final_loss,0.9388328224420548,
ci_sft_training_20250629_120630,2025-06-29T17:06:42.836438+00:00,0,training_duration,5.495479106903076,
ci_sft_training_20250629_120630,2025-06-29T17:06:42.836438+00:00,0,max_steps,5,
ci_sft_training_20250629_120630,2025-06-29T17:06:42.836438+00:00,0,dataset_size,100,
ci_sft_training_20250629_120630,2025-06-29T17:06:42.836438+00:00,0,status,completed,
ci_sft_training_20250629_122010,2025-06-29T17:20:10.518493+00:00,-1,run_init,"{""model_name"": ""HuggingFaceTB/SmolLM2-135M-Instruct"", ""learning_rate"": 0.0002, ""batch_size"": 1, ""max_steps"": 10, ""output_dir"": ""/var/folders/9x/58m08f710ln5mxfj6_41qtfh0000gn/T/tmphj9nm3u8/ci_output"", ""quick_mode"": true, ""dataset_size"": 100}","{""git_sha"": ""139004fbd3270d10b64e329db19d7e62ad3b1d0b"", ""pip_freeze"": ""absl-py==2.3.0\naccelerate==1.7.0\naiohappyeyeballs==2.6.1\naiohttp==3.12.9\naiosignal==1.3.2\nalembic==1.16.2\naltair==5.5.0\nannotated-types==0.7.0\nanyio==4.9.0\nappnope==0.1.4\nargon2-cffi==25.1.0\nargon2-cffi-bindings==21.2.0\narrow==1.3.0\nasn1crypto==1.5.1\nasttokens==3.0.0\nasync-lru==2.0.5\nattrs==25.3.0\nbabel==2.17.0\nbcrypt==4.3.0\nbeautifulsoup4==4.13.4\nbitsandbytes==0.42.0\nbleach==6.2.0\nblinker==1.9.0\nboto3==1.38.32\nbotocore==1.38.32\ncachetools==5.5.2\ncertifi==2025.4.26\ncffi==1.17.1\ncharset-normalizer==3.4.2\nclick==8.2.1\ncloudpickle==3.0.0\ncomm==0.2.2\ncontourpy==1.3.2\ncoverage==7.9.1\ncryptography==45.0.3\ncycler==0.12.1\ndatasets==3.6.0\ndebugpy==1.8.14\ndecorator==5.2.1\ndefusedxml==0.7.1\ndill==0.3.8\ndiskcache==5.6.3\nentrypoints==0.4\nexecuting==2.2.0\nFaker==37.3.0\nfastapi==0.115.14\nfastjsonschema==2.21.1\nfavicon==0.7.0\nfilelock==3.18.0\nfonttools==4.58.2\nfqdn==1.5.1\nfrozenlist==1.6.2\nfsspec==2025.3.0\ngitdb==4.0.12\nGitPython==3.1.44\ngrpcio==1.73.0\nh11==0.16.0\nhf-xet==1.1.3\nhtbuilder==0.9.0\nhttpcore==1.0.9\nhttpx==0.28.1\nhttpx-ws==0.7.2\nhuggingface-hub==0.33.0\nidna==3.10\niniconfig==2.1.0\nipykernel==6.29.5\nipython==9.3.0\nipython_pygments_lexers==1.1.1\nipywidgets==8.1.7\nisoduration==20.11.0\njedi==0.19.2\nJinja2==3.1.6\njmespath==1.0.1\njoblib==1.5.1\njson5==0.12.0\njsonpointer==3.0.0\njsonschema==4.24.0\njsonschema-specifications==2025.4.1\njupyter==1.1.1\njupyter-console==6.6.3\njupyter-events==0.12.0\njupyter-lsp==2.2.5\njupyter_client==8.6.3\njupyter_core==5.8.1\njupyter_server==2.16.0\njupyter_server_terminals==0.5.3\njupyterlab==4.4.3\njupyterlab_pygments==0.3.0\njupyterlab_server==2.27.3\njupyterlab_widgets==3.0.15\nkiwisolver==1.4.8\nllama_cpp_python==0.3.9\nlmstudio==1.3.1\nlxml==5.4.0\nMako==1.3.10\nMarkdown==3.8\nmarkdownlit==0.0.7\nMarkupSafe==3.0.2\nmatplotlib==3.10.3\nmatplotlib-inline==0.1.7\nmistune==3.1.3\nmpmath==1.3.0\nmsgspec==0.19.0\nmultidict==6.4.4\nmultiprocess==0.70.16\nnarwhals==1.41.1\nnbclient==0.10.2\nnbconvert==7.16.6\nnbformat==5.10.4\nnest-asyncio==1.6.0\nnetworkx==3.5\nnltk==3.9.1\nnotebook==7.4.3\nnotebook_shim==0.2.4\nnumpy==2.3.0\norjson==3.10.18\noverrides==7.7.0\npackaging==24.2\npandas==2.3.0\npandocfilters==1.5.1\nparso==0.8.4\npeft @ git+https://github.com/huggingface/peft.git@759bb70acea8486b3a493792a5b6ba80b5217fb4\npexpect==4.9.0\npillow==11.2.1\nplatformdirs==4.3.8\nplotly==6.1.2\npluggy==1.6.0\nprometheus_client==0.22.1\nprompt_toolkit==3.0.51\npropcache==0.3.1\nprotobuf==5.29.5\npsutil==7.0.0\nptyprocess==0.7.0\npure_eval==0.2.3\npyarrow==18.1.0\npycparser==2.22\npydantic==2.11.7\npydantic_core==2.33.2\npydeck==0.9.1\nPygments==2.19.1\nPyJWT==2.10.1\npymdown-extensions==10.15\npyOpenSSL==25.1.0\npyparsing==3.2.3\npytest==8.4.1\npytest-asyncio==1.0.0\npytest-cov==6.2.1\npython-dateutil==2.9.0.post0\npython-dotenv==1.1.0\npython-json-logger==3.3.0\npytz==2025.2\nPyYAML==6.0.2\npyzmq==26.4.0\nreferencing==0.36.2\nregex==2024.11.6\nrequests==2.32.4\nrfc3339-validator==0.1.4\nrfc3986-validator==0.1.1\nrpds-py==0.25.1\nruff==0.12.0\ns3transfer==0.13.0\nsafetensors==0.5.3\nscikit-learn==1.7.0\nscipy==1.15.3\nseaborn==0.13.2\nSend2Trash==1.8.3\nsentence-transformers==4.1.0\nsentencepiece==0.2.0\nsentry-sdk==2.30.0\nsetproctitle==1.3.6\nsetuptools==80.9.0\nsix==1.17.0\nsmmap==5.0.2\nsniffio==1.3.1\nsnowflake-connector-python==3.15.0\nsnowflake-snowpark-python==1.32.0\nsortedcontainers==2.4.0\nsoupsieve==2.7\nSQLAlchemy==2.0.41\nst-annotated-text==4.0.2\nst-theme==1.2.3\nstack-data==0.6.3\nstarlette==0.46.2\nstreamlit==1.45.1\nstreamlit-avatar==0.1.3\nstreamlit-camera-input-live==0.2.0\nstreamlit-card==1.0.2\nstreamlit-embedcode==0.1.2\nstreamlit-extras==0.7.1\nstreamlit-faker==0.0.3\nstreamlit-image-coordinates==0.2.2\nstreamlit-keyup==0.3.0\nstreamlit-option-menu==0.4.0\nstreamlit-toggle-switch==1.0.2\nstreamlit-vertical-slider==2.5.5\nsympy==1.14.0\ntenacity==9.1.2\ntensorboard==2.19.0\ntensorboard-data-server==0.7.2\nterminado==0.18.1\nthreadpoolctl==3.6.0\ntinycss2==1.4.0\ntokenizers==0.21.1\ntoml==0.10.2\ntomlkit==0.13.3\ntorch==2.7.1\ntornado==6.5.1\ntqdm==4.67.1\ntraitlets==5.14.3\ntransformers==4.52.4\ntrl==0.19.0\ntypes-python-dateutil==2.9.0.20250516\ntyping-inspection==0.4.1\ntyping_extensions==4.14.0\ntzdata==2025.2\ntzlocal==5.3.1\nuri-template==1.3.0\nurllib3==2.4.0\nuv==0.7.11\nuvicorn==0.35.0\nvalidators==0.35.0\nwandb==0.20.1\nwatchdog==6.0.0\nwcwidth==0.2.13\nwebcolors==24.11.1\nwebencodings==0.5.1\nwebsocket-client==1.8.0\nWerkzeug==3.1.3\nwheel==0.45.1\nwidgetsnbextension==4.0.14\nwsproto==1.2.0\nxxhash==3.5.0\nyarl==1.20.0\n"", ""run_env_vars"": {}}"
ci_sft_training_20250629_122010,2025-06-29T17:20:33.166169+00:00,0,final_loss,0.5486014634370804,
ci_sft_training_20250629_122010,2025-06-29T17:20:33.166169+00:00,0,training_duration,13.81949782371521,
ci_sft_training_20250629_122010,2025-06-29T17:20:33.166169+00:00,0,max_steps,10,
ci_sft_training_20250629_122010,2025-06-29T17:20:33.166169+00:00,0,dataset_size,100,
ci_sft_training_20250629_122010,2025-06-29T17:20:33.166169+00:00,0,status,completed,
ci_sft_training_20250629_122704,2025-06-29T17:27:04.632754+00:00,-1,run_init,"{""model_name"": ""HuggingFaceTB/SmolLM2-135M-Instruct"", ""learning_rate"": 0.0002, ""batch_size"": 1, ""max_steps"": 5, ""output_dir"": ""/var/folders/9x/58m08f710ln5mxfj6_41qtfh0000gn/T/tmpvoh1cfv3"", ""quick_mode"": true, ""dataset_size"": 100}","{""git_sha"": ""139004fbd3270d10b64e329db19d7e62ad3b1d0b"", ""pip_freeze"": ""absl-py==2.3.0\naccelerate==1.7.0\naiohappyeyeballs==2.6.1\naiohttp==3.12.9\naiosignal==1.3.2\nalembic==1.16.2\naltair==5.5.0\nannotated-types==0.7.0\nanyio==4.9.0\nappnope==0.1.4\nargon2-cffi==25.1.0\nargon2-cffi-bindings==21.2.0\narrow==1.3.0\nasn1crypto==1.5.1\nasttokens==3.0.0\nasync-lru==2.0.5\nattrs==25.3.0\nbabel==2.17.0\nbcrypt==4.3.0\nbeautifulsoup4==4.13.4\nbitsandbytes==0.42.0\nbleach==6.2.0\nblinker==1.9.0\nboto3==1.38.32\nbotocore==1.38.32\ncachetools==5.5.2\ncertifi==2025.4.26\ncffi==1.17.1\ncharset-normalizer==3.4.2\nclick==8.2.1\ncloudpickle==3.0.0\ncomm==0.2.2\ncontourpy==1.3.2\ncoverage==7.9.1\ncryptography==45.0.3\ncycler==0.12.1\ndatasets==3.6.0\ndebugpy==1.8.14\ndecorator==5.2.1\ndefusedxml==0.7.1\ndill==0.3.8\ndiskcache==5.6.3\nentrypoints==0.4\nexecuting==2.2.0\nFaker==37.3.0\nfastapi==0.115.14\nfastjsonschema==2.21.1\nfavicon==0.7.0\nfilelock==3.18.0\nfonttools==4.58.2\nfqdn==1.5.1\nfrozenlist==1.6.2\nfsspec==2025.3.0\ngitdb==4.0.12\nGitPython==3.1.44\ngrpcio==1.73.0\nh11==0.16.0\nhf-xet==1.1.3\nhtbuilder==0.9.0\nhttpcore==1.0.9\nhttpx==0.28.1\nhttpx-ws==0.7.2\nhuggingface-hub==0.33.0\nidna==3.10\niniconfig==2.1.0\nipykernel==6.29.5\nipython==9.3.0\nipython_pygments_lexers==1.1.1\nipywidgets==8.1.7\nisoduration==20.11.0\njedi==0.19.2\nJinja2==3.1.6\njmespath==1.0.1\njoblib==1.5.1\njson5==0.12.0\njsonpointer==3.0.0\njsonschema==4.24.0\njsonschema-specifications==2025.4.1\njupyter==1.1.1\njupyter-console==6.6.3\njupyter-events==0.12.0\njupyter-lsp==2.2.5\njupyter_client==8.6.3\njupyter_core==5.8.1\njupyter_server==2.16.0\njupyter_server_terminals==0.5.3\njupyterlab==4.4.3\njupyterlab_pygments==0.3.0\njupyterlab_server==2.27.3\njupyterlab_widgets==3.0.15\nkiwisolver==1.4.8\nllama_cpp_python==0.3.9\nlmstudio==1.3.1\nlxml==5.4.0\nMako==1.3.10\nMarkdown==3.8\nmarkdownlit==0.0.7\nMarkupSafe==3.0.2\nmatplotlib==3.10.3\nmatplotlib-inline==0.1.7\nmistune==3.1.3\nmpmath==1.3.0\nmsgspec==0.19.0\nmultidict==6.4.4\nmultiprocess==0.70.16\nnarwhals==1.41.1\nnbclient==0.10.2\nnbconvert==7.16.6\nnbformat==5.10.4\nnest-asyncio==1.6.0\nnetworkx==3.5\nnltk==3.9.1\nnotebook==7.4.3\nnotebook_shim==0.2.4\nnumpy==2.3.0\norjson==3.10.18\noverrides==7.7.0\npackaging==24.2\npandas==2.3.0\npandocfilters==1.5.1\nparso==0.8.4\npeft @ git+https://github.com/huggingface/peft.git@759bb70acea8486b3a493792a5b6ba80b5217fb4\npexpect==4.9.0\npillow==11.2.1\nplatformdirs==4.3.8\nplotly==6.1.2\npluggy==1.6.0\nprometheus_client==0.22.1\nprompt_toolkit==3.0.51\npropcache==0.3.1\nprotobuf==5.29.5\npsutil==7.0.0\nptyprocess==0.7.0\npure_eval==0.2.3\npyarrow==18.1.0\npycparser==2.22\npydantic==2.11.7\npydantic_core==2.33.2\npydeck==0.9.1\nPygments==2.19.1\nPyJWT==2.10.1\npymdown-extensions==10.15\npyOpenSSL==25.1.0\npyparsing==3.2.3\npytest==8.4.1\npytest-asyncio==1.0.0\npytest-cov==6.2.1\npython-dateutil==2.9.0.post0\npython-dotenv==1.1.0\npython-json-logger==3.3.0\npytz==2025.2\nPyYAML==6.0.2\npyzmq==26.4.0\nreferencing==0.36.2\nregex==2024.11.6\nrequests==2.32.4\nrfc3339-validator==0.1.4\nrfc3986-validator==0.1.1\nrpds-py==0.25.1\nruff==0.12.0\ns3transfer==0.13.0\nsafetensors==0.5.3\nscikit-learn==1.7.0\nscipy==1.15.3\nseaborn==0.13.2\nSend2Trash==1.8.3\nsentence-transformers==4.1.0\nsentencepiece==0.2.0\nsentry-sdk==2.30.0\nsetproctitle==1.3.6\nsetuptools==80.9.0\nsix==1.17.0\nsmmap==5.0.2\nsniffio==1.3.1\nsnowflake-connector-python==3.15.0\nsnowflake-snowpark-python==1.32.0\nsortedcontainers==2.4.0\nsoupsieve==2.7\nSQLAlchemy==2.0.41\nst-annotated-text==4.0.2\nst-theme==1.2.3\nstack-data==0.6.3\nstarlette==0.46.2\nstreamlit==1.45.1\nstreamlit-avatar==0.1.3\nstreamlit-camera-input-live==0.2.0\nstreamlit-card==1.0.2\nstreamlit-embedcode==0.1.2\nstreamlit-extras==0.7.1\nstreamlit-faker==0.0.3\nstreamlit-image-coordinates==0.2.2\nstreamlit-keyup==0.3.0\nstreamlit-option-menu==0.4.0\nstreamlit-toggle-switch==1.0.2\nstreamlit-vertical-slider==2.5.5\nsympy==1.14.0\ntenacity==9.1.2\ntensorboard==2.19.0\ntensorboard-data-server==0.7.2\nterminado==0.18.1\nthreadpoolctl==3.6.0\ntinycss2==1.4.0\ntokenizers==0.21.1\ntoml==0.10.2\ntomlkit==0.13.3\ntorch==2.7.1\ntornado==6.5.1\ntqdm==4.67.1\ntraitlets==5.14.3\ntransformers==4.52.4\ntrl==0.19.0\ntypes-python-dateutil==2.9.0.20250516\ntyping-inspection==0.4.1\ntyping_extensions==4.14.0\ntzdata==2025.2\ntzlocal==5.3.1\nuri-template==1.3.0\nurllib3==2.4.0\nuv==0.7.11\nuvicorn==0.35.0\nvalidators==0.35.0\nwandb==0.20.1\nwatchdog==6.0.0\nwcwidth==0.2.13\nwebcolors==24.11.1\nwebencodings==0.5.1\nwebsocket-client==1.8.0\nWerkzeug==3.1.3\nwheel==0.45.1\nwidgetsnbextension==4.0.14\nwsproto==1.2.0\nxxhash==3.5.0\nyarl==1.20.0\n"", ""run_env_vars"": {}}"
ci_sft_training_20250629_122704,2025-06-29T17:27:22.408964+00:00,0,final_loss,0.9388328224420548,
ci_sft_training_20250629_122704,2025-06-29T17:27:22.408964+00:00,0,training_duration,9.234534740447998,
ci_sft_training_20250629_122704,2025-06-29T17:27:22.408964+00:00,0,max_steps,5,
ci_sft_training_20250629_122704,2025-06-29T17:27:22.408964+00:00,0,dataset_size,100,
ci_sft_training_20250629_122704,2025-06-29T17:27:22.408964+00:00,0,status,completed,
ci_sft_training_20250629_122724,2025-06-29T17:27:24.599242+00:00,-1,run_init,"{""model_name"": ""HuggingFaceTB/SmolLM2-135M-Instruct"", ""learning_rate"": 0.0002, ""batch_size"": 1, ""max_steps"": 10, ""output_dir"": ""/var/folders/9x/58m08f710ln5mxfj6_41qtfh0000gn/T/tmpsxia1vrk/ci_output"", ""quick_mode"": true, ""dataset_size"": 100}","{""git_sha"": ""139004fbd3270d10b64e329db19d7e62ad3b1d0b"", ""pip_freeze"": ""absl-py==2.3.0\naccelerate==1.7.0\naiohappyeyeballs==2.6.1\naiohttp==3.12.9\naiosignal==1.3.2\nalembic==1.16.2\naltair==5.5.0\nannotated-types==0.7.0\nanyio==4.9.0\nappnope==0.1.4\nargon2-cffi==25.1.0\nargon2-cffi-bindings==21.2.0\narrow==1.3.0\nasn1crypto==1.5.1\nasttokens==3.0.0\nasync-lru==2.0.5\nattrs==25.3.0\nbabel==2.17.0\nbcrypt==4.3.0\nbeautifulsoup4==4.13.4\nbitsandbytes==0.42.0\nbleach==6.2.0\nblinker==1.9.0\nboto3==1.38.32\nbotocore==1.38.32\ncachetools==5.5.2\ncertifi==2025.4.26\ncffi==1.17.1\ncharset-normalizer==3.4.2\nclick==8.2.1\ncloudpickle==3.0.0\ncomm==0.2.2\ncontourpy==1.3.2\ncoverage==7.9.1\ncryptography==45.0.3\ncycler==0.12.1\ndatasets==3.6.0\ndebugpy==1.8.14\ndecorator==5.2.1\ndefusedxml==0.7.1\ndill==0.3.8\ndiskcache==5.6.3\nentrypoints==0.4\nexecuting==2.2.0\nFaker==37.3.0\nfastapi==0.115.14\nfastjsonschema==2.21.1\nfavicon==0.7.0\nfilelock==3.18.0\nfonttools==4.58.2\nfqdn==1.5.1\nfrozenlist==1.6.2\nfsspec==2025.3.0\ngitdb==4.0.12\nGitPython==3.1.44\ngrpcio==1.73.0\nh11==0.16.0\nhf-xet==1.1.3\nhtbuilder==0.9.0\nhttpcore==1.0.9\nhttpx==0.28.1\nhttpx-ws==0.7.2\nhuggingface-hub==0.33.0\nidna==3.10\niniconfig==2.1.0\nipykernel==6.29.5\nipython==9.3.0\nipython_pygments_lexers==1.1.1\nipywidgets==8.1.7\nisoduration==20.11.0\njedi==0.19.2\nJinja2==3.1.6\njmespath==1.0.1\njoblib==1.5.1\njson5==0.12.0\njsonpointer==3.0.0\njsonschema==4.24.0\njsonschema-specifications==2025.4.1\njupyter==1.1.1\njupyter-console==6.6.3\njupyter-events==0.12.0\njupyter-lsp==2.2.5\njupyter_client==8.6.3\njupyter_core==5.8.1\njupyter_server==2.16.0\njupyter_server_terminals==0.5.3\njupyterlab==4.4.3\njupyterlab_pygments==0.3.0\njupyterlab_server==2.27.3\njupyterlab_widgets==3.0.15\nkiwisolver==1.4.8\nllama_cpp_python==0.3.9\nlmstudio==1.3.1\nlxml==5.4.0\nMako==1.3.10\nMarkdown==3.8\nmarkdownlit==0.0.7\nMarkupSafe==3.0.2\nmatplotlib==3.10.3\nmatplotlib-inline==0.1.7\nmistune==3.1.3\nmpmath==1.3.0\nmsgspec==0.19.0\nmultidict==6.4.4\nmultiprocess==0.70.16\nnarwhals==1.41.1\nnbclient==0.10.2\nnbconvert==7.16.6\nnbformat==5.10.4\nnest-asyncio==1.6.0\nnetworkx==3.5\nnltk==3.9.1\nnotebook==7.4.3\nnotebook_shim==0.2.4\nnumpy==2.3.0\norjson==3.10.18\noverrides==7.7.0\npackaging==24.2\npandas==2.3.0\npandocfilters==1.5.1\nparso==0.8.4\npeft @ git+https://github.com/huggingface/peft.git@759bb70acea8486b3a493792a5b6ba80b5217fb4\npexpect==4.9.0\npillow==11.2.1\nplatformdirs==4.3.8\nplotly==6.1.2\npluggy==1.6.0\nprometheus_client==0.22.1\nprompt_toolkit==3.0.51\npropcache==0.3.1\nprotobuf==5.29.5\npsutil==7.0.0\nptyprocess==0.7.0\npure_eval==0.2.3\npyarrow==18.1.0\npycparser==2.22\npydantic==2.11.7\npydantic_core==2.33.2\npydeck==0.9.1\nPygments==2.19.1\nPyJWT==2.10.1\npymdown-extensions==10.15\npyOpenSSL==25.1.0\npyparsing==3.2.3\npytest==8.4.1\npytest-asyncio==1.0.0\npytest-cov==6.2.1\npython-dateutil==2.9.0.post0\npython-dotenv==1.1.0\npython-json-logger==3.3.0\npytz==2025.2\nPyYAML==6.0.2\npyzmq==26.4.0\nreferencing==0.36.2\nregex==2024.11.6\nrequests==2.32.4\nrfc3339-validator==0.1.4\nrfc3986-validator==0.1.1\nrpds-py==0.25.1\nruff==0.12.0\ns3transfer==0.13.0\nsafetensors==0.5.3\nscikit-learn==1.7.0\nscipy==1.15.3\nseaborn==0.13.2\nSend2Trash==1.8.3\nsentence-transformers==4.1.0\nsentencepiece==0.2.0\nsentry-sdk==2.30.0\nsetproctitle==1.3.6\nsetuptools==80.9.0\nsix==1.17.0\nsmmap==5.0.2\nsniffio==1.3.1\nsnowflake-connector-python==3.15.0\nsnowflake-snowpark-python==1.32.0\nsortedcontainers==2.4.0\nsoupsieve==2.7\nSQLAlchemy==2.0.41\nst-annotated-text==4.0.2\nst-theme==1.2.3\nstack-data==0.6.3\nstarlette==0.46.2\nstreamlit==1.45.1\nstreamlit-avatar==0.1.3\nstreamlit-camera-input-live==0.2.0\nstreamlit-card==1.0.2\nstreamlit-embedcode==0.1.2\nstreamlit-extras==0.7.1\nstreamlit-faker==0.0.3\nstreamlit-image-coordinates==0.2.2\nstreamlit-keyup==0.3.0\nstreamlit-option-menu==0.4.0\nstreamlit-toggle-switch==1.0.2\nstreamlit-vertical-slider==2.5.5\nsympy==1.14.0\ntenacity==9.1.2\ntensorboard==2.19.0\ntensorboard-data-server==0.7.2\nterminado==0.18.1\nthreadpoolctl==3.6.0\ntinycss2==1.4.0\ntokenizers==0.21.1\ntoml==0.10.2\ntomlkit==0.13.3\ntorch==2.7.1\ntornado==6.5.1\ntqdm==4.67.1\ntraitlets==5.14.3\ntransformers==4.52.4\ntrl==0.19.0\ntypes-python-dateutil==2.9.0.20250516\ntyping-inspection==0.4.1\ntyping_extensions==4.14.0\ntzdata==2025.2\ntzlocal==5.3.1\nuri-template==1.3.0\nurllib3==2.4.0\nuv==0.7.11\nuvicorn==0.35.0\nvalidators==0.35.0\nwandb==0.20.1\nwatchdog==6.0.0\nwcwidth==0.2.13\nwebcolors==24.11.1\nwebencodings==0.5.1\nwebsocket-client==1.8.0\nWerkzeug==3.1.3\nwheel==0.45.1\nwidgetsnbextension==4.0.14\nwsproto==1.2.0\nxxhash==3.5.0\nyarl==1.20.0\n"", ""run_env_vars"": {}}"
ci_sft_training_20250629_122724,2025-06-29T17:27:39.190501+00:00,0,final_loss,0.5486014634370804,
ci_sft_training_20250629_122724,2025-06-29T17:27:39.190501+00:00,0,training_duration,7.804552316665649,
ci_sft_training_20250629_122724,2025-06-29T17:27:39.190501+00:00,0,max_steps,10,
ci_sft_training_20250629_122724,2025-06-29T17:27:39.190501+00:00,0,dataset_size,100,
ci_sft_training_20250629_122724,2025-06-29T17:27:39.190501+00:00,0,status,completed,
ci_sft_training_20250629_122741,2025-06-29T17:27:41.295713+00:00,-1,run_init,"{""model_name"": ""HuggingFaceTB/SmolLM2-135M-Instruct"", ""learning_rate"": 0.0002, ""batch_size"": 1, ""max_steps"": 3, ""output_dir"": ""/var/folders/9x/58m08f710ln5mxfj6_41qtfh0000gn/T/tmpfzpmpgan"", ""quick_mode"": true, ""dataset_size"": 100}","{""git_sha"": ""139004fbd3270d10b64e329db19d7e62ad3b1d0b"", ""pip_freeze"": ""absl-py==2.3.0\naccelerate==1.7.0\naiohappyeyeballs==2.6.1\naiohttp==3.12.9\naiosignal==1.3.2\nalembic==1.16.2\naltair==5.5.0\nannotated-types==0.7.0\nanyio==4.9.0\nappnope==0.1.4\nargon2-cffi==25.1.0\nargon2-cffi-bindings==21.2.0\narrow==1.3.0\nasn1crypto==1.5.1\nasttokens==3.0.0\nasync-lru==2.0.5\nattrs==25.3.0\nbabel==2.17.0\nbcrypt==4.3.0\nbeautifulsoup4==4.13.4\nbitsandbytes==0.42.0\nbleach==6.2.0\nblinker==1.9.0\nboto3==1.38.32\nbotocore==1.38.32\ncachetools==5.5.2\ncertifi==2025.4.26\ncffi==1.17.1\ncharset-normalizer==3.4.2\nclick==8.2.1\ncloudpickle==3.0.0\ncomm==0.2.2\ncontourpy==1.3.2\ncoverage==7.9.1\ncryptography==45.0.3\ncycler==0.12.1\ndatasets==3.6.0\ndebugpy==1.8.14\ndecorator==5.2.1\ndefusedxml==0.7.1\ndill==0.3.8\ndiskcache==5.6.3\nentrypoints==0.4\nexecuting==2.2.0\nFaker==37.3.0\nfastapi==0.115.14\nfastjsonschema==2.21.1\nfavicon==0.7.0\nfilelock==3.18.0\nfonttools==4.58.2\nfqdn==1.5.1\nfrozenlist==1.6.2\nfsspec==2025.3.0\ngitdb==4.0.12\nGitPython==3.1.44\ngrpcio==1.73.0\nh11==0.16.0\nhf-xet==1.1.3\nhtbuilder==0.9.0\nhttpcore==1.0.9\nhttpx==0.28.1\nhttpx-ws==0.7.2\nhuggingface-hub==0.33.0\nidna==3.10\niniconfig==2.1.0\nipykernel==6.29.5\nipython==9.3.0\nipython_pygments_lexers==1.1.1\nipywidgets==8.1.7\nisoduration==20.11.0\njedi==0.19.2\nJinja2==3.1.6\njmespath==1.0.1\njoblib==1.5.1\njson5==0.12.0\njsonpointer==3.0.0\njsonschema==4.24.0\njsonschema-specifications==2025.4.1\njupyter==1.1.1\njupyter-console==6.6.3\njupyter-events==0.12.0\njupyter-lsp==2.2.5\njupyter_client==8.6.3\njupyter_core==5.8.1\njupyter_server==2.16.0\njupyter_server_terminals==0.5.3\njupyterlab==4.4.3\njupyterlab_pygments==0.3.0\njupyterlab_server==2.27.3\njupyterlab_widgets==3.0.15\nkiwisolver==1.4.8\nllama_cpp_python==0.3.9\nlmstudio==1.3.1\nlxml==5.4.0\nMako==1.3.10\nMarkdown==3.8\nmarkdownlit==0.0.7\nMarkupSafe==3.0.2\nmatplotlib==3.10.3\nmatplotlib-inline==0.1.7\nmistune==3.1.3\nmpmath==1.3.0\nmsgspec==0.19.0\nmultidict==6.4.4\nmultiprocess==0.70.16\nnarwhals==1.41.1\nnbclient==0.10.2\nnbconvert==7.16.6\nnbformat==5.10.4\nnest-asyncio==1.6.0\nnetworkx==3.5\nnltk==3.9.1\nnotebook==7.4.3\nnotebook_shim==0.2.4\nnumpy==2.3.0\norjson==3.10.18\noverrides==7.7.0\npackaging==24.2\npandas==2.3.0\npandocfilters==1.5.1\nparso==0.8.4\npeft @ git+https://github.com/huggingface/peft.git@759bb70acea8486b3a493792a5b6ba80b5217fb4\npexpect==4.9.0\npillow==11.2.1\nplatformdirs==4.3.8\nplotly==6.1.2\npluggy==1.6.0\nprometheus_client==0.22.1\nprompt_toolkit==3.0.51\npropcache==0.3.1\nprotobuf==5.29.5\npsutil==7.0.0\nptyprocess==0.7.0\npure_eval==0.2.3\npyarrow==18.1.0\npycparser==2.22\npydantic==2.11.7\npydantic_core==2.33.2\npydeck==0.9.1\nPygments==2.19.1\nPyJWT==2.10.1\npymdown-extensions==10.15\npyOpenSSL==25.1.0\npyparsing==3.2.3\npytest==8.4.1\npytest-asyncio==1.0.0\npytest-cov==6.2.1\npython-dateutil==2.9.0.post0\npython-dotenv==1.1.0\npython-json-logger==3.3.0\npytz==2025.2\nPyYAML==6.0.2\npyzmq==26.4.0\nreferencing==0.36.2\nregex==2024.11.6\nrequests==2.32.4\nrfc3339-validator==0.1.4\nrfc3986-validator==0.1.1\nrpds-py==0.25.1\nruff==0.12.0\ns3transfer==0.13.0\nsafetensors==0.5.3\nscikit-learn==1.7.0\nscipy==1.15.3\nseaborn==0.13.2\nSend2Trash==1.8.3\nsentence-transformers==4.1.0\nsentencepiece==0.2.0\nsentry-sdk==2.30.0\nsetproctitle==1.3.6\nsetuptools==80.9.0\nsix==1.17.0\nsmmap==5.0.2\nsniffio==1.3.1\nsnowflake-connector-python==3.15.0\nsnowflake-snowpark-python==1.32.0\nsortedcontainers==2.4.0\nsoupsieve==2.7\nSQLAlchemy==2.0.41\nst-annotated-text==4.0.2\nst-theme==1.2.3\nstack-data==0.6.3\nstarlette==0.46.2\nstreamlit==1.45.1\nstreamlit-avatar==0.1.3\nstreamlit-camera-input-live==0.2.0\nstreamlit-card==1.0.2\nstreamlit-embedcode==0.1.2\nstreamlit-extras==0.7.1\nstreamlit-faker==0.0.3\nstreamlit-image-coordinates==0.2.2\nstreamlit-keyup==0.3.0\nstreamlit-option-menu==0.4.0\nstreamlit-toggle-switch==1.0.2\nstreamlit-vertical-slider==2.5.5\nsympy==1.14.0\ntenacity==9.1.2\ntensorboard==2.19.0\ntensorboard-data-server==0.7.2\nterminado==0.18.1\nthreadpoolctl==3.6.0\ntinycss2==1.4.0\ntokenizers==0.21.1\ntoml==0.10.2\ntomlkit==0.13.3\ntorch==2.7.1\ntornado==6.5.1\ntqdm==4.67.1\ntraitlets==5.14.3\ntransformers==4.52.4\ntrl==0.19.0\ntypes-python-dateutil==2.9.0.20250516\ntyping-inspection==0.4.1\ntyping_extensions==4.14.0\ntzdata==2025.2\ntzlocal==5.3.1\nuri-template==1.3.0\nurllib3==2.4.0\nuv==0.7.11\nuvicorn==0.35.0\nvalidators==0.35.0\nwandb==0.20.1\nwatchdog==6.0.0\nwcwidth==0.2.13\nwebcolors==24.11.1\nwebencodings==0.5.1\nwebsocket-client==1.8.0\nWerkzeug==3.1.3\nwheel==0.45.1\nwidgetsnbextension==4.0.14\nwsproto==1.2.0\nxxhash==3.5.0\nyarl==1.20.0\n"", ""run_env_vars"": {}}"
ci_sft_training_20250629_122741,2025-06-29T17:27:52.377840+00:00,0,final_loss,1.426733483870824,
ci_sft_training_20250629_122741,2025-06-29T17:27:52.377840+00:00,0,training_duration,4.516601800918579,
ci_sft_training_20250629_122741,2025-06-29T17:27:52.377840+00:00,0,max_steps,3,
ci_sft_training_20250629_122741,2025-06-29T17:27:52.377840+00:00,0,dataset_size,100,
ci_sft_training_20250629_122741,2025-06-29T17:27:52.377840+00:00,0,status,completed,
ci_sft_training_20250629_122754,2025-06-29T17:27:54.359463+00:00,-1,run_init,"{""model_name"": ""HuggingFaceTB/SmolLM2-135M-Instruct"", ""learning_rate"": 0.0002, ""batch_size"": 1, ""max_steps"": 1, ""output_dir"": ""/var/folders/9x/58m08f710ln5mxfj6_41qtfh0000gn/T/tmpzhccvgzf"", ""quick_mode"": true, ""dataset_size"": 100}","{""git_sha"": ""139004fbd3270d10b64e329db19d7e62ad3b1d0b"", ""pip_freeze"": ""absl-py==2.3.0\naccelerate==1.7.0\naiohappyeyeballs==2.6.1\naiohttp==3.12.9\naiosignal==1.3.2\nalembic==1.16.2\naltair==5.5.0\nannotated-types==0.7.0\nanyio==4.9.0\nappnope==0.1.4\nargon2-cffi==25.1.0\nargon2-cffi-bindings==21.2.0\narrow==1.3.0\nasn1crypto==1.5.1\nasttokens==3.0.0\nasync-lru==2.0.5\nattrs==25.3.0\nbabel==2.17.0\nbcrypt==4.3.0\nbeautifulsoup4==4.13.4\nbitsandbytes==0.42.0\nbleach==6.2.0\nblinker==1.9.0\nboto3==1.38.32\nbotocore==1.38.32\ncachetools==5.5.2\ncertifi==2025.4.26\ncffi==1.17.1\ncharset-normalizer==3.4.2\nclick==8.2.1\ncloudpickle==3.0.0\ncomm==0.2.2\ncontourpy==1.3.2\ncoverage==7.9.1\ncryptography==45.0.3\ncycler==0.12.1\ndatasets==3.6.0\ndebugpy==1.8.14\ndecorator==5.2.1\ndefusedxml==0.7.1\ndill==0.3.8\ndiskcache==5.6.3\nentrypoints==0.4\nexecuting==2.2.0\nFaker==37.3.0\nfastapi==0.115.14\nfastjsonschema==2.21.1\nfavicon==0.7.0\nfilelock==3.18.0\nfonttools==4.58.2\nfqdn==1.5.1\nfrozenlist==1.6.2\nfsspec==2025.3.0\ngitdb==4.0.12\nGitPython==3.1.44\ngrpcio==1.73.0\nh11==0.16.0\nhf-xet==1.1.3\nhtbuilder==0.9.0\nhttpcore==1.0.9\nhttpx==0.28.1\nhttpx-ws==0.7.2\nhuggingface-hub==0.33.0\nidna==3.10\niniconfig==2.1.0\nipykernel==6.29.5\nipython==9.3.0\nipython_pygments_lexers==1.1.1\nipywidgets==8.1.7\nisoduration==20.11.0\njedi==0.19.2\nJinja2==3.1.6\njmespath==1.0.1\njoblib==1.5.1\njson5==0.12.0\njsonpointer==3.0.0\njsonschema==4.24.0\njsonschema-specifications==2025.4.1\njupyter==1.1.1\njupyter-console==6.6.3\njupyter-events==0.12.0\njupyter-lsp==2.2.5\njupyter_client==8.6.3\njupyter_core==5.8.1\njupyter_server==2.16.0\njupyter_server_terminals==0.5.3\njupyterlab==4.4.3\njupyterlab_pygments==0.3.0\njupyterlab_server==2.27.3\njupyterlab_widgets==3.0.15\nkiwisolver==1.4.8\nllama_cpp_python==0.3.9\nlmstudio==1.3.1\nlxml==5.4.0\nMako==1.3.10\nMarkdown==3.8\nmarkdownlit==0.0.7\nMarkupSafe==3.0.2\nmatplotlib==3.10.3\nmatplotlib-inline==0.1.7\nmistune==3.1.3\nmpmath==1.3.0\nmsgspec==0.19.0\nmultidict==6.4.4\nmultiprocess==0.70.16\nnarwhals==1.41.1\nnbclient==0.10.2\nnbconvert==7.16.6\nnbformat==5.10.4\nnest-asyncio==1.6.0\nnetworkx==3.5\nnltk==3.9.1\nnotebook==7.4.3\nnotebook_shim==0.2.4\nnumpy==2.3.0\norjson==3.10.18\noverrides==7.7.0\npackaging==24.2\npandas==2.3.0\npandocfilters==1.5.1\nparso==0.8.4\npeft @ git+https://github.com/huggingface/peft.git@759bb70acea8486b3a493792a5b6ba80b5217fb4\npexpect==4.9.0\npillow==11.2.1\nplatformdirs==4.3.8\nplotly==6.1.2\npluggy==1.6.0\nprometheus_client==0.22.1\nprompt_toolkit==3.0.51\npropcache==0.3.1\nprotobuf==5.29.5\npsutil==7.0.0\nptyprocess==0.7.0\npure_eval==0.2.3\npyarrow==18.1.0\npycparser==2.22\npydantic==2.11.7\npydantic_core==2.33.2\npydeck==0.9.1\nPygments==2.19.1\nPyJWT==2.10.1\npymdown-extensions==10.15\npyOpenSSL==25.1.0\npyparsing==3.2.3\npytest==8.4.1\npytest-asyncio==1.0.0\npytest-cov==6.2.1\npython-dateutil==2.9.0.post0\npython-dotenv==1.1.0\npython-json-logger==3.3.0\npytz==2025.2\nPyYAML==6.0.2\npyzmq==26.4.0\nreferencing==0.36.2\nregex==2024.11.6\nrequests==2.32.4\nrfc3339-validator==0.1.4\nrfc3986-validator==0.1.1\nrpds-py==0.25.1\nruff==0.12.0\ns3transfer==0.13.0\nsafetensors==0.5.3\nscikit-learn==1.7.0\nscipy==1.15.3\nseaborn==0.13.2\nSend2Trash==1.8.3\nsentence-transformers==4.1.0\nsentencepiece==0.2.0\nsentry-sdk==2.30.0\nsetproctitle==1.3.6\nsetuptools==80.9.0\nsix==1.17.0\nsmmap==5.0.2\nsniffio==1.3.1\nsnowflake-connector-python==3.15.0\nsnowflake-snowpark-python==1.32.0\nsortedcontainers==2.4.0\nsoupsieve==2.7\nSQLAlchemy==2.0.41\nst-annotated-text==4.0.2\nst-theme==1.2.3\nstack-data==0.6.3\nstarlette==0.46.2\nstreamlit==1.45.1\nstreamlit-avatar==0.1.3\nstreamlit-camera-input-live==0.2.0\nstreamlit-card==1.0.2\nstreamlit-embedcode==0.1.2\nstreamlit-extras==0.7.1\nstreamlit-faker==0.0.3\nstreamlit-image-coordinates==0.2.2\nstreamlit-keyup==0.3.0\nstreamlit-option-menu==0.4.0\nstreamlit-toggle-switch==1.0.2\nstreamlit-vertical-slider==2.5.5\nsympy==1.14.0\ntenacity==9.1.2\ntensorboard==2.19.0\ntensorboard-data-server==0.7.2\nterminado==0.18.1\nthreadpoolctl==3.6.0\ntinycss2==1.4.0\ntokenizers==0.21.1\ntoml==0.10.2\ntomlkit==0.13.3\ntorch==2.7.1\ntornado==6.5.1\ntqdm==4.67.1\ntraitlets==5.14.3\ntransformers==4.52.4\ntrl==0.19.0\ntypes-python-dateutil==2.9.0.20250516\ntyping-inspection==0.4.1\ntyping_extensions==4.14.0\ntzdata==2025.2\ntzlocal==5.3.1\nuri-template==1.3.0\nurllib3==2.4.0\nuv==0.7.11\nuvicorn==0.35.0\nvalidators==0.35.0\nwandb==0.20.1\nwatchdog==6.0.0\nwcwidth==0.2.13\nwebcolors==24.11.1\nwebencodings==0.5.1\nwebsocket-client==1.8.0\nWerkzeug==3.1.3\nwheel==0.45.1\nwidgetsnbextension==4.0.14\nwsproto==1.2.0\nxxhash==3.5.0\nyarl==1.20.0\n"", ""run_env_vars"": {}}"
ci_sft_training_20250629_122754,2025-06-29T17:28:06.117665+00:00,0,final_loss,2.735788106918335,
ci_sft_training_20250629_122754,2025-06-29T17:28:06.117665+00:00,0,training_duration,4.237782955169678,
ci_sft_training_20250629_122754,2025-06-29T17:28:06.117665+00:00,0,max_steps,1,
ci_sft_training_20250629_122754,2025-06-29T17:28:06.117665+00:00,0,dataset_size,100,
ci_sft_training_20250629_122754,2025-06-29T17:28:06.117665+00:00,0,status,completed,
ci_evaluation_20250629_122813,2025-06-29T17:28:13.081819+00:00,-1,run_init,"{""checkpoint_path"": ""/var/folders/9x/58m08f710ln5mxfj6_41qtfh0000gn/T/tmprubn3mic/checkpoint"", ""output_json"": ""/var/folders/9x/58m08f710ln5mxfj6_41qtfh0000gn/T/tmprubn3mic/results.json"", ""quick_mode"": true, ""num_samples"": 10}","{""git_sha"": ""139004fbd3270d10b64e329db19d7e62ad3b1d0b"", ""pip_freeze"": ""absl-py==2.3.0\naccelerate==1.7.0\naiohappyeyeballs==2.6.1\naiohttp==3.12.9\naiosignal==1.3.2\nalembic==1.16.2\naltair==5.5.0\nannotated-types==0.7.0\nanyio==4.9.0\nappnope==0.1.4\nargon2-cffi==25.1.0\nargon2-cffi-bindings==21.2.0\narrow==1.3.0\nasn1crypto==1.5.1\nasttokens==3.0.0\nasync-lru==2.0.5\nattrs==25.3.0\nbabel==2.17.0\nbcrypt==4.3.0\nbeautifulsoup4==4.13.4\nbitsandbytes==0.42.0\nbleach==6.2.0\nblinker==1.9.0\nboto3==1.38.32\nbotocore==1.38.32\ncachetools==5.5.2\ncertifi==2025.4.26\ncffi==1.17.1\ncharset-normalizer==3.4.2\nclick==8.2.1\ncloudpickle==3.0.0\ncomm==0.2.2\ncontourpy==1.3.2\ncoverage==7.9.1\ncryptography==45.0.3\ncycler==0.12.1\ndatasets==3.6.0\ndebugpy==1.8.14\ndecorator==5.2.1\ndefusedxml==0.7.1\ndill==0.3.8\ndiskcache==5.6.3\nentrypoints==0.4\nexecuting==2.2.0\nFaker==37.3.0\nfastapi==0.115.14\nfastjsonschema==2.21.1\nfavicon==0.7.0\nfilelock==3.18.0\nfonttools==4.58.2\nfqdn==1.5.1\nfrozenlist==1.6.2\nfsspec==2025.3.0\ngitdb==4.0.12\nGitPython==3.1.44\ngrpcio==1.73.0\nh11==0.16.0\nhf-xet==1.1.3\nhtbuilder==0.9.0\nhttpcore==1.0.9\nhttpx==0.28.1\nhttpx-ws==0.7.2\nhuggingface-hub==0.33.0\nidna==3.10\niniconfig==2.1.0\nipykernel==6.29.5\nipython==9.3.0\nipython_pygments_lexers==1.1.1\nipywidgets==8.1.7\nisoduration==20.11.0\njedi==0.19.2\nJinja2==3.1.6\njmespath==1.0.1\njoblib==1.5.1\njson5==0.12.0\njsonpointer==3.0.0\njsonschema==4.24.0\njsonschema-specifications==2025.4.1\njupyter==1.1.1\njupyter-console==6.6.3\njupyter-events==0.12.0\njupyter-lsp==2.2.5\njupyter_client==8.6.3\njupyter_core==5.8.1\njupyter_server==2.16.0\njupyter_server_terminals==0.5.3\njupyterlab==4.4.3\njupyterlab_pygments==0.3.0\njupyterlab_server==2.27.3\njupyterlab_widgets==3.0.15\nkiwisolver==1.4.8\nllama_cpp_python==0.3.9\nlmstudio==1.3.1\nlxml==5.4.0\nMako==1.3.10\nMarkdown==3.8\nmarkdownlit==0.0.7\nMarkupSafe==3.0.2\nmatplotlib==3.10.3\nmatplotlib-inline==0.1.7\nmistune==3.1.3\nmpmath==1.3.0\nmsgspec==0.19.0\nmultidict==6.4.4\nmultiprocess==0.70.16\nnarwhals==1.41.1\nnbclient==0.10.2\nnbconvert==7.16.6\nnbformat==5.10.4\nnest-asyncio==1.6.0\nnetworkx==3.5\nnltk==3.9.1\nnotebook==7.4.3\nnotebook_shim==0.2.4\nnumpy==2.3.0\norjson==3.10.18\noverrides==7.7.0\npackaging==24.2\npandas==2.3.0\npandocfilters==1.5.1\nparso==0.8.4\npeft @ git+https://github.com/huggingface/peft.git@759bb70acea8486b3a493792a5b6ba80b5217fb4\npexpect==4.9.0\npillow==11.2.1\nplatformdirs==4.3.8\nplotly==6.1.2\npluggy==1.6.0\nprometheus_client==0.22.1\nprompt_toolkit==3.0.51\npropcache==0.3.1\nprotobuf==5.29.5\npsutil==7.0.0\nptyprocess==0.7.0\npure_eval==0.2.3\npyarrow==18.1.0\npycparser==2.22\npydantic==2.11.7\npydantic_core==2.33.2\npydeck==0.9.1\nPygments==2.19.1\nPyJWT==2.10.1\npymdown-extensions==10.15\npyOpenSSL==25.1.0\npyparsing==3.2.3\npytest==8.4.1\npytest-asyncio==1.0.0\npytest-cov==6.2.1\npython-dateutil==2.9.0.post0\npython-dotenv==1.1.0\npython-json-logger==3.3.0\npytz==2025.2\nPyYAML==6.0.2\npyzmq==26.4.0\nreferencing==0.36.2\nregex==2024.11.6\nrequests==2.32.4\nrfc3339-validator==0.1.4\nrfc3986-validator==0.1.1\nrpds-py==0.25.1\nruff==0.12.0\ns3transfer==0.13.0\nsafetensors==0.5.3\nscikit-learn==1.7.0\nscipy==1.15.3\nseaborn==0.13.2\nSend2Trash==1.8.3\nsentence-transformers==4.1.0\nsentencepiece==0.2.0\nsentry-sdk==2.30.0\nsetproctitle==1.3.6\nsetuptools==80.9.0\nsix==1.17.0\nsmmap==5.0.2\nsniffio==1.3.1\nsnowflake-connector-python==3.15.0\nsnowflake-snowpark-python==1.32.0\nsortedcontainers==2.4.0\nsoupsieve==2.7\nSQLAlchemy==2.0.41\nst-annotated-text==4.0.2\nst-theme==1.2.3\nstack-data==0.6.3\nstarlette==0.46.2\nstreamlit==1.45.1\nstreamlit-avatar==0.1.3\nstreamlit-camera-input-live==0.2.0\nstreamlit-card==1.0.2\nstreamlit-embedcode==0.1.2\nstreamlit-extras==0.7.1\nstreamlit-faker==0.0.3\nstreamlit-image-coordinates==0.2.2\nstreamlit-keyup==0.3.0\nstreamlit-option-menu==0.4.0\nstreamlit-toggle-switch==1.0.2\nstreamlit-vertical-slider==2.5.5\nsympy==1.14.0\ntenacity==9.1.2\ntensorboard==2.19.0\ntensorboard-data-server==0.7.2\nterminado==0.18.1\nthreadpoolctl==3.6.0\ntinycss2==1.4.0\ntokenizers==0.21.1\ntoml==0.10.2\ntomlkit==0.13.3\ntorch==2.7.1\ntornado==6.5.1\ntqdm==4.67.1\ntraitlets==5.14.3\ntransformers==4.52.4\ntrl==0.19.0\ntypes-python-dateutil==2.9.0.20250516\ntyping-inspection==0.4.1\ntyping_extensions==4.14.0\ntzdata==2025.2\ntzlocal==5.3.1\nuri-template==1.3.0\nurllib3==2.4.0\nuv==0.7.11\nuvicorn==0.35.0\nvalidators==0.35.0\nwandb==0.20.1\nwatchdog==6.0.0\nwcwidth==0.2.13\nwebcolors==24.11.1\nwebencodings==0.5.1\nwebsocket-client==1.8.0\nWerkzeug==3.1.3\nwheel==0.45.1\nwidgetsnbextension==4.0.14\nwsproto==1.2.0\nxxhash==3.5.0\nyarl==1.20.0\n"", ""run_env_vars"": {}}"
ci_evaluation_20250629_122813,2025-06-29T17:28:13.082570+00:00,0,json_correctness,1.0,
ci_evaluation_20250629_122813,2025-06-29T17:28:13.082570+00:00,0,personality_alignment,0.5,
ci_evaluation_20250629_122813,2025-06-29T17:28:13.082570+00:00,0,evaluation_duration,0.0002849102020263672,
ci_evaluation_20250629_122813,2025-06-29T17:28:13.082570+00:00,0,status,completed,
ci_evaluation_20250629_122814,2025-06-29T17:28:14.144107+00:00,-1,run_init,"{""checkpoint_path"": ""/var/folders/9x/58m08f710ln5mxfj6_41qtfh0000gn/T/tmp6sz4r10e/checkpoint"", ""output_json"": ""/var/folders/9x/58m08f710ln5mxfj6_41qtfh0000gn/T/tmp6sz4r10e/results.json"", ""quick_mode"": true, ""num_samples"": 10}","{""git_sha"": ""139004fbd3270d10b64e329db19d7e62ad3b1d0b"", ""pip_freeze"": ""absl-py==2.3.0\naccelerate==1.7.0\naiohappyeyeballs==2.6.1\naiohttp==3.12.9\naiosignal==1.3.2\nalembic==1.16.2\naltair==5.5.0\nannotated-types==0.7.0\nanyio==4.9.0\nappnope==0.1.4\nargon2-cffi==25.1.0\nargon2-cffi-bindings==21.2.0\narrow==1.3.0\nasn1crypto==1.5.1\nasttokens==3.0.0\nasync-lru==2.0.5\nattrs==25.3.0\nbabel==2.17.0\nbcrypt==4.3.0\nbeautifulsoup4==4.13.4\nbitsandbytes==0.42.0\nbleach==6.2.0\nblinker==1.9.0\nboto3==1.38.32\nbotocore==1.38.32\ncachetools==5.5.2\ncertifi==2025.4.26\ncffi==1.17.1\ncharset-normalizer==3.4.2\nclick==8.2.1\ncloudpickle==3.0.0\ncomm==0.2.2\ncontourpy==1.3.2\ncoverage==7.9.1\ncryptography==45.0.3\ncycler==0.12.1\ndatasets==3.6.0\ndebugpy==1.8.14\ndecorator==5.2.1\ndefusedxml==0.7.1\ndill==0.3.8\ndiskcache==5.6.3\nentrypoints==0.4\nexecuting==2.2.0\nFaker==37.3.0\nfastapi==0.115.14\nfastjsonschema==2.21.1\nfavicon==0.7.0\nfilelock==3.18.0\nfonttools==4.58.2\nfqdn==1.5.1\nfrozenlist==1.6.2\nfsspec==2025.3.0\ngitdb==4.0.12\nGitPython==3.1.44\ngrpcio==1.73.0\nh11==0.16.0\nhf-xet==1.1.3\nhtbuilder==0.9.0\nhttpcore==1.0.9\nhttpx==0.28.1\nhttpx-ws==0.7.2\nhuggingface-hub==0.33.0\nidna==3.10\niniconfig==2.1.0\nipykernel==6.29.5\nipython==9.3.0\nipython_pygments_lexers==1.1.1\nipywidgets==8.1.7\nisoduration==20.11.0\njedi==0.19.2\nJinja2==3.1.6\njmespath==1.0.1\njoblib==1.5.1\njson5==0.12.0\njsonpointer==3.0.0\njsonschema==4.24.0\njsonschema-specifications==2025.4.1\njupyter==1.1.1\njupyter-console==6.6.3\njupyter-events==0.12.0\njupyter-lsp==2.2.5\njupyter_client==8.6.3\njupyter_core==5.8.1\njupyter_server==2.16.0\njupyter_server_terminals==0.5.3\njupyterlab==4.4.3\njupyterlab_pygments==0.3.0\njupyterlab_server==2.27.3\njupyterlab_widgets==3.0.15\nkiwisolver==1.4.8\nllama_cpp_python==0.3.9\nlmstudio==1.3.1\nlxml==5.4.0\nMako==1.3.10\nMarkdown==3.8\nmarkdownlit==0.0.7\nMarkupSafe==3.0.2\nmatplotlib==3.10.3\nmatplotlib-inline==0.1.7\nmistune==3.1.3\nmpmath==1.3.0\nmsgspec==0.19.0\nmultidict==6.4.4\nmultiprocess==0.70.16\nnarwhals==1.41.1\nnbclient==0.10.2\nnbconvert==7.16.6\nnbformat==5.10.4\nnest-asyncio==1.6.0\nnetworkx==3.5\nnltk==3.9.1\nnotebook==7.4.3\nnotebook_shim==0.2.4\nnumpy==2.3.0\norjson==3.10.18\noverrides==7.7.0\npackaging==24.2\npandas==2.3.0\npandocfilters==1.5.1\nparso==0.8.4\npeft @ git+https://github.com/huggingface/peft.git@759bb70acea8486b3a493792a5b6ba80b5217fb4\npexpect==4.9.0\npillow==11.2.1\nplatformdirs==4.3.8\nplotly==6.1.2\npluggy==1.6.0\nprometheus_client==0.22.1\nprompt_toolkit==3.0.51\npropcache==0.3.1\nprotobuf==5.29.5\npsutil==7.0.0\nptyprocess==0.7.0\npure_eval==0.2.3\npyarrow==18.1.0\npycparser==2.22\npydantic==2.11.7\npydantic_core==2.33.2\npydeck==0.9.1\nPygments==2.19.1\nPyJWT==2.10.1\npymdown-extensions==10.15\npyOpenSSL==25.1.0\npyparsing==3.2.3\npytest==8.4.1\npytest-asyncio==1.0.0\npytest-cov==6.2.1\npython-dateutil==2.9.0.post0\npython-dotenv==1.1.0\npython-json-logger==3.3.0\npytz==2025.2\nPyYAML==6.0.2\npyzmq==26.4.0\nreferencing==0.36.2\nregex==2024.11.6\nrequests==2.32.4\nrfc3339-validator==0.1.4\nrfc3986-validator==0.1.1\nrpds-py==0.25.1\nruff==0.12.0\ns3transfer==0.13.0\nsafetensors==0.5.3\nscikit-learn==1.7.0\nscipy==1.15.3\nseaborn==0.13.2\nSend2Trash==1.8.3\nsentence-transformers==4.1.0\nsentencepiece==0.2.0\nsentry-sdk==2.30.0\nsetproctitle==1.3.6\nsetuptools==80.9.0\nsix==1.17.0\nsmmap==5.0.2\nsniffio==1.3.1\nsnowflake-connector-python==3.15.0\nsnowflake-snowpark-python==1.32.0\nsortedcontainers==2.4.0\nsoupsieve==2.7\nSQLAlchemy==2.0.41\nst-annotated-text==4.0.2\nst-theme==1.2.3\nstack-data==0.6.3\nstarlette==0.46.2\nstreamlit==1.45.1\nstreamlit-avatar==0.1.3\nstreamlit-camera-input-live==0.2.0\nstreamlit-card==1.0.2\nstreamlit-embedcode==0.1.2\nstreamlit-extras==0.7.1\nstreamlit-faker==0.0.3\nstreamlit-image-coordinates==0.2.2\nstreamlit-keyup==0.3.0\nstreamlit-option-menu==0.4.0\nstreamlit-toggle-switch==1.0.2\nstreamlit-vertical-slider==2.5.5\nsympy==1.14.0\ntenacity==9.1.2\ntensorboard==2.19.0\ntensorboard-data-server==0.7.2\nterminado==0.18.1\nthreadpoolctl==3.6.0\ntinycss2==1.4.0\ntokenizers==0.21.1\ntoml==0.10.2\ntomlkit==0.13.3\ntorch==2.7.1\ntornado==6.5.1\ntqdm==4.67.1\ntraitlets==5.14.3\ntransformers==4.52.4\ntrl==0.19.0\ntypes-python-dateutil==2.9.0.20250516\ntyping-inspection==0.4.1\ntyping_extensions==4.14.0\ntzdata==2025.2\ntzlocal==5.3.1\nuri-template==1.3.0\nurllib3==2.4.0\nuv==0.7.11\nuvicorn==0.35.0\nvalidators==0.35.0\nwandb==0.20.1\nwatchdog==6.0.0\nwcwidth==0.2.13\nwebcolors==24.11.1\nwebencodings==0.5.1\nwebsocket-client==1.8.0\nWerkzeug==3.1.3\nwheel==0.45.1\nwidgetsnbextension==4.0.14\nwsproto==1.2.0\nxxhash==3.5.0\nyarl==1.20.0\n"", ""run_env_vars"": {}}"
ci_evaluation_20250629_122814,2025-06-29T17:28:14.144791+00:00,0,json_correctness,1.0,
ci_evaluation_20250629_122814,2025-06-29T17:28:14.144791+00:00,0,personality_alignment,0.5,
ci_evaluation_20250629_122814,2025-06-29T17:28:14.144791+00:00,0,evaluation_duration,0.0002830028533935547,
ci_evaluation_20250629_122814,2025-06-29T17:28:14.144791+00:00,0,status,completed,
ci_sft_training_20250629_123407,2025-06-29T17:34:07.824671+00:00,-1,run_init,"{""model_name"": ""HuggingFaceTB/SmolLM2-135M-Instruct"", ""learning_rate"": 0.0002, ""batch_size"": 1, ""max_steps"": 1, ""output_dir"": ""/var/folders/9x/58m08f710ln5mxfj6_41qtfh0000gn/T/tmpqfil103i"", ""quick_mode"": true, ""dataset_size"": 3}","{""git_sha"": ""139004fbd3270d10b64e329db19d7e62ad3b1d0b"", ""pip_freeze"": ""absl-py==2.3.0\naccelerate==1.7.0\naiohappyeyeballs==2.6.1\naiohttp==3.12.9\naiosignal==1.3.2\nalembic==1.16.2\naltair==5.5.0\nannotated-types==0.7.0\nanyio==4.9.0\nappnope==0.1.4\nargon2-cffi==25.1.0\nargon2-cffi-bindings==21.2.0\narrow==1.3.0\nasn1crypto==1.5.1\nasttokens==3.0.0\nasync-lru==2.0.5\nattrs==25.3.0\nbabel==2.17.0\nbcrypt==4.3.0\nbeautifulsoup4==4.13.4\nbitsandbytes==0.42.0\nbleach==6.2.0\nblinker==1.9.0\nboto3==1.38.32\nbotocore==1.38.32\ncachetools==5.5.2\ncertifi==2025.4.26\ncffi==1.17.1\ncharset-normalizer==3.4.2\nclick==8.2.1\ncloudpickle==3.0.0\ncomm==0.2.2\ncontourpy==1.3.2\ncoverage==7.9.1\ncryptography==45.0.3\ncycler==0.12.1\ndatasets==3.6.0\ndebugpy==1.8.14\ndecorator==5.2.1\ndefusedxml==0.7.1\ndill==0.3.8\ndiskcache==5.6.3\nentrypoints==0.4\nexecuting==2.2.0\nFaker==37.3.0\nfastapi==0.115.14\nfastjsonschema==2.21.1\nfavicon==0.7.0\nfilelock==3.18.0\nfonttools==4.58.2\nfqdn==1.5.1\nfrozenlist==1.6.2\nfsspec==2025.3.0\ngitdb==4.0.12\nGitPython==3.1.44\ngrpcio==1.73.0\nh11==0.16.0\nhf-xet==1.1.3\nhtbuilder==0.9.0\nhttpcore==1.0.9\nhttpx==0.28.1\nhttpx-ws==0.7.2\nhuggingface-hub==0.33.0\nidna==3.10\niniconfig==2.1.0\nipykernel==6.29.5\nipython==9.3.0\nipython_pygments_lexers==1.1.1\nipywidgets==8.1.7\nisoduration==20.11.0\njedi==0.19.2\nJinja2==3.1.6\njmespath==1.0.1\njoblib==1.5.1\njson5==0.12.0\njsonpointer==3.0.0\njsonschema==4.24.0\njsonschema-specifications==2025.4.1\njupyter==1.1.1\njupyter-console==6.6.3\njupyter-events==0.12.0\njupyter-lsp==2.2.5\njupyter_client==8.6.3\njupyter_core==5.8.1\njupyter_server==2.16.0\njupyter_server_terminals==0.5.3\njupyterlab==4.4.3\njupyterlab_pygments==0.3.0\njupyterlab_server==2.27.3\njupyterlab_widgets==3.0.15\nkiwisolver==1.4.8\nllama_cpp_python==0.3.9\nlmstudio==1.3.1\nlxml==5.4.0\nMako==1.3.10\nMarkdown==3.8\nmarkdownlit==0.0.7\nMarkupSafe==3.0.2\nmatplotlib==3.10.3\nmatplotlib-inline==0.1.7\nmistune==3.1.3\nmpmath==1.3.0\nmsgspec==0.19.0\nmultidict==6.4.4\nmultiprocess==0.70.16\nnarwhals==1.41.1\nnbclient==0.10.2\nnbconvert==7.16.6\nnbformat==5.10.4\nnest-asyncio==1.6.0\nnetworkx==3.5\nnltk==3.9.1\nnotebook==7.4.3\nnotebook_shim==0.2.4\nnumpy==2.3.0\norjson==3.10.18\noverrides==7.7.0\npackaging==24.2\npandas==2.3.0\npandocfilters==1.5.1\nparso==0.8.4\npeft @ git+https://github.com/huggingface/peft.git@759bb70acea8486b3a493792a5b6ba80b5217fb4\npexpect==4.9.0\npillow==11.2.1\nplatformdirs==4.3.8\nplotly==6.1.2\npluggy==1.6.0\nprometheus_client==0.22.1\nprompt_toolkit==3.0.51\npropcache==0.3.1\nprotobuf==5.29.5\npsutil==7.0.0\nptyprocess==0.7.0\npure_eval==0.2.3\npyarrow==18.1.0\npycparser==2.22\npydantic==2.11.7\npydantic_core==2.33.2\npydeck==0.9.1\nPygments==2.19.1\nPyJWT==2.10.1\npymdown-extensions==10.15\npyOpenSSL==25.1.0\npyparsing==3.2.3\npytest==8.4.1\npytest-asyncio==1.0.0\npytest-cov==6.2.1\npython-dateutil==2.9.0.post0\npython-dotenv==1.1.0\npython-json-logger==3.3.0\npytz==2025.2\nPyYAML==6.0.2\npyzmq==26.4.0\nreferencing==0.36.2\nregex==2024.11.6\nrequests==2.32.4\nrfc3339-validator==0.1.4\nrfc3986-validator==0.1.1\nrpds-py==0.25.1\nruff==0.12.0\ns3transfer==0.13.0\nsafetensors==0.5.3\nscikit-learn==1.7.0\nscipy==1.15.3\nseaborn==0.13.2\nSend2Trash==1.8.3\nsentence-transformers==4.1.0\nsentencepiece==0.2.0\nsentry-sdk==2.30.0\nsetproctitle==1.3.6\nsetuptools==80.9.0\nsix==1.17.0\nsmmap==5.0.2\nsniffio==1.3.1\nsnowflake-connector-python==3.15.0\nsnowflake-snowpark-python==1.32.0\nsortedcontainers==2.4.0\nsoupsieve==2.7\nSQLAlchemy==2.0.41\nst-annotated-text==4.0.2\nst-theme==1.2.3\nstack-data==0.6.3\nstarlette==0.46.2\nstreamlit==1.45.1\nstreamlit-avatar==0.1.3\nstreamlit-camera-input-live==0.2.0\nstreamlit-card==1.0.2\nstreamlit-embedcode==0.1.2\nstreamlit-extras==0.7.1\nstreamlit-faker==0.0.3\nstreamlit-image-coordinates==0.2.2\nstreamlit-keyup==0.3.0\nstreamlit-option-menu==0.4.0\nstreamlit-toggle-switch==1.0.2\nstreamlit-vertical-slider==2.5.5\nsympy==1.14.0\ntenacity==9.1.2\ntensorboard==2.19.0\ntensorboard-data-server==0.7.2\nterminado==0.18.1\nthreadpoolctl==3.6.0\ntinycss2==1.4.0\ntokenizers==0.21.1\ntoml==0.10.2\ntomlkit==0.13.3\ntorch==2.7.1\ntornado==6.5.1\ntqdm==4.67.1\ntraitlets==5.14.3\ntransformers==4.52.4\ntrl==0.19.0\ntypes-python-dateutil==2.9.0.20250516\ntyping-inspection==0.4.1\ntyping_extensions==4.14.0\ntzdata==2025.2\ntzlocal==5.3.1\nuri-template==1.3.0\nurllib3==2.4.0\nuv==0.7.11\nuvicorn==0.35.0\nvalidators==0.35.0\nwandb==0.20.1\nwatchdog==6.0.0\nwcwidth==0.2.13\nwebcolors==24.11.1\nwebencodings==0.5.1\nwebsocket-client==1.8.0\nWerkzeug==3.1.3\nwheel==0.45.1\nwidgetsnbextension==4.0.14\nwsproto==1.2.0\nxxhash==3.5.0\nyarl==1.20.0\n"", ""run_env_vars"": {}}"
ci_sft_training_20250629_123407,2025-06-29T17:34:20.066560+00:00,0,final_loss,2.661999225616455,
ci_sft_training_20250629_123407,2025-06-29T17:34:20.066560+00:00,0,training_duration,4.5947349071502686,
ci_sft_training_20250629_123407,2025-06-29T17:34:20.066560+00:00,0,max_steps,1,
ci_sft_training_20250629_123407,2025-06-29T17:34:20.066560+00:00,0,dataset_size,3,
ci_sft_training_20250629_123407,2025-06-29T17:34:20.066560+00:00,0,status,completed,
ci_sft_training_20250629_123752,2025-06-29T17:37:52.245323+00:00,-1,run_init,"{""model_name"": ""HuggingFaceTB/SmolLM2-135M-Instruct"", ""learning_rate"": 0.0002, ""batch_size"": 1, ""max_steps"": 5, ""output_dir"": ""/var/folders/9x/58m08f710ln5mxfj6_41qtfh0000gn/T/tmprhsu32ts"", ""quick_mode"": true, ""dataset_size"": 100}","{""git_sha"": ""139004fbd3270d10b64e329db19d7e62ad3b1d0b"", ""pip_freeze"": ""absl-py==2.3.0\naccelerate==1.7.0\naiohappyeyeballs==2.6.1\naiohttp==3.12.9\naiosignal==1.3.2\nalembic==1.16.2\naltair==5.5.0\nannotated-types==0.7.0\nanyio==4.9.0\nappnope==0.1.4\nargon2-cffi==25.1.0\nargon2-cffi-bindings==21.2.0\narrow==1.3.0\nasn1crypto==1.5.1\nasttokens==3.0.0\nasync-lru==2.0.5\nattrs==25.3.0\nbabel==2.17.0\nbcrypt==4.3.0\nbeautifulsoup4==4.13.4\nbitsandbytes==0.42.0\nbleach==6.2.0\nblinker==1.9.0\nboto3==1.38.32\nbotocore==1.38.32\ncachetools==5.5.2\ncertifi==2025.4.26\ncffi==1.17.1\ncharset-normalizer==3.4.2\nclick==8.2.1\ncloudpickle==3.0.0\ncomm==0.2.2\ncontourpy==1.3.2\ncoverage==7.9.1\ncryptography==45.0.3\ncycler==0.12.1\ndatasets==3.6.0\ndebugpy==1.8.14\ndecorator==5.2.1\ndefusedxml==0.7.1\ndill==0.3.8\ndiskcache==5.6.3\nentrypoints==0.4\nexecuting==2.2.0\nFaker==37.3.0\nfastapi==0.115.14\nfastjsonschema==2.21.1\nfavicon==0.7.0\nfilelock==3.18.0\nfonttools==4.58.2\nfqdn==1.5.1\nfrozenlist==1.6.2\nfsspec==2025.3.0\ngitdb==4.0.12\nGitPython==3.1.44\ngrpcio==1.73.0\nh11==0.16.0\nhf-xet==1.1.3\nhtbuilder==0.9.0\nhttpcore==1.0.9\nhttpx==0.28.1\nhttpx-ws==0.7.2\nhuggingface-hub==0.33.0\nidna==3.10\niniconfig==2.1.0\nipykernel==6.29.5\nipython==9.3.0\nipython_pygments_lexers==1.1.1\nipywidgets==8.1.7\nisoduration==20.11.0\njedi==0.19.2\nJinja2==3.1.6\njmespath==1.0.1\njoblib==1.5.1\njson5==0.12.0\njsonpointer==3.0.0\njsonschema==4.24.0\njsonschema-specifications==2025.4.1\njupyter==1.1.1\njupyter-console==6.6.3\njupyter-events==0.12.0\njupyter-lsp==2.2.5\njupyter_client==8.6.3\njupyter_core==5.8.1\njupyter_server==2.16.0\njupyter_server_terminals==0.5.3\njupyterlab==4.4.3\njupyterlab_pygments==0.3.0\njupyterlab_server==2.27.3\njupyterlab_widgets==3.0.15\nkiwisolver==1.4.8\nllama_cpp_python==0.3.9\nlmstudio==1.3.1\nlxml==5.4.0\nMako==1.3.10\nMarkdown==3.8\nmarkdownlit==0.0.7\nMarkupSafe==3.0.2\nmatplotlib==3.10.3\nmatplotlib-inline==0.1.7\nmistune==3.1.3\nmpmath==1.3.0\nmsgspec==0.19.0\nmultidict==6.4.4\nmultiprocess==0.70.16\nnarwhals==1.41.1\nnbclient==0.10.2\nnbconvert==7.16.6\nnbformat==5.10.4\nnest-asyncio==1.6.0\nnetworkx==3.5\nnltk==3.9.1\nnotebook==7.4.3\nnotebook_shim==0.2.4\nnumpy==2.3.0\norjson==3.10.18\noverrides==7.7.0\npackaging==24.2\npandas==2.3.0\npandocfilters==1.5.1\nparso==0.8.4\npeft @ git+https://github.com/huggingface/peft.git@759bb70acea8486b3a493792a5b6ba80b5217fb4\npexpect==4.9.0\npillow==11.2.1\nplatformdirs==4.3.8\nplotly==6.1.2\npluggy==1.6.0\nprometheus_client==0.22.1\nprompt_toolkit==3.0.51\npropcache==0.3.1\nprotobuf==5.29.5\npsutil==7.0.0\nptyprocess==0.7.0\npure_eval==0.2.3\npyarrow==18.1.0\npycparser==2.22\npydantic==2.11.7\npydantic_core==2.33.2\npydeck==0.9.1\nPygments==2.19.1\nPyJWT==2.10.1\npymdown-extensions==10.15\npyOpenSSL==25.1.0\npyparsing==3.2.3\npytest==8.4.1\npytest-asyncio==1.0.0\npytest-cov==6.2.1\npython-dateutil==2.9.0.post0\npython-dotenv==1.1.0\npython-json-logger==3.3.0\npytz==2025.2\nPyYAML==6.0.2\npyzmq==26.4.0\nreferencing==0.36.2\nregex==2024.11.6\nrequests==2.32.4\nrfc3339-validator==0.1.4\nrfc3986-validator==0.1.1\nrpds-py==0.25.1\nruff==0.12.0\ns3transfer==0.13.0\nsafetensors==0.5.3\nscikit-learn==1.7.0\nscipy==1.15.3\nseaborn==0.13.2\nSend2Trash==1.8.3\nsentence-transformers==4.1.0\nsentencepiece==0.2.0\nsentry-sdk==2.30.0\nsetproctitle==1.3.6\nsetuptools==80.9.0\nsix==1.17.0\nsmmap==5.0.2\nsniffio==1.3.1\nsnowflake-connector-python==3.15.0\nsnowflake-snowpark-python==1.32.0\nsortedcontainers==2.4.0\nsoupsieve==2.7\nSQLAlchemy==2.0.41\nst-annotated-text==4.0.2\nst-theme==1.2.3\nstack-data==0.6.3\nstarlette==0.46.2\nstreamlit==1.45.1\nstreamlit-avatar==0.1.3\nstreamlit-camera-input-live==0.2.0\nstreamlit-card==1.0.2\nstreamlit-embedcode==0.1.2\nstreamlit-extras==0.7.1\nstreamlit-faker==0.0.3\nstreamlit-image-coordinates==0.2.2\nstreamlit-keyup==0.3.0\nstreamlit-option-menu==0.4.0\nstreamlit-toggle-switch==1.0.2\nstreamlit-vertical-slider==2.5.5\nsympy==1.14.0\ntenacity==9.1.2\ntensorboard==2.19.0\ntensorboard-data-server==0.7.2\nterminado==0.18.1\nthreadpoolctl==3.6.0\ntinycss2==1.4.0\ntokenizers==0.21.1\ntoml==0.10.2\ntomlkit==0.13.3\ntorch==2.7.1\ntornado==6.5.1\ntqdm==4.67.1\ntraitlets==5.14.3\ntransformers==4.52.4\ntrl==0.19.0\ntypes-python-dateutil==2.9.0.20250516\ntyping-inspection==0.4.1\ntyping_extensions==4.14.0\ntzdata==2025.2\ntzlocal==5.3.1\nuri-template==1.3.0\nurllib3==2.4.0\nuv==0.7.11\nuvicorn==0.35.0\nvalidators==0.35.0\nwandb==0.20.1\nwatchdog==6.0.0\nwcwidth==0.2.13\nwebcolors==24.11.1\nwebencodings==0.5.1\nwebsocket-client==1.8.0\nWerkzeug==3.1.3\nwheel==0.45.1\nwidgetsnbextension==4.0.14\nwsproto==1.2.0\nxxhash==3.5.0\nyarl==1.20.0\n"", ""run_env_vars"": {}}"
ci_sft_training_20250629_123752,2025-06-29T17:38:07.853596+00:00,0,final_loss,0.9388328224420548,
ci_sft_training_20250629_123752,2025-06-29T17:38:07.853596+00:00,0,training_duration,6.74315881729126,
ci_sft_training_20250629_123752,2025-06-29T17:38:07.853596+00:00,0,max_steps,5,
ci_sft_training_20250629_123752,2025-06-29T17:38:07.853596+00:00,0,dataset_size,100,
ci_sft_training_20250629_123752,2025-06-29T17:38:07.853596+00:00,0,status,completed,
ci_sft_training_20250629_123811,2025-06-29T17:38:11.177684+00:00,-1,run_init,"{""model_name"": ""HuggingFaceTB/SmolLM2-135M-Instruct"", ""learning_rate"": 0.0002, ""batch_size"": 1, ""max_steps"": 10, ""output_dir"": ""/var/folders/9x/58m08f710ln5mxfj6_41qtfh0000gn/T/tmpa3u6_26p/ci_output"", ""quick_mode"": true, ""dataset_size"": 100}","{""git_sha"": ""139004fbd3270d10b64e329db19d7e62ad3b1d0b"", ""pip_freeze"": ""absl-py==2.3.0\naccelerate==1.7.0\naiohappyeyeballs==2.6.1\naiohttp==3.12.9\naiosignal==1.3.2\nalembic==1.16.2\naltair==5.5.0\nannotated-types==0.7.0\nanyio==4.9.0\nappnope==0.1.4\nargon2-cffi==25.1.0\nargon2-cffi-bindings==21.2.0\narrow==1.3.0\nasn1crypto==1.5.1\nasttokens==3.0.0\nasync-lru==2.0.5\nattrs==25.3.0\nbabel==2.17.0\nbcrypt==4.3.0\nbeautifulsoup4==4.13.4\nbitsandbytes==0.42.0\nbleach==6.2.0\nblinker==1.9.0\nboto3==1.38.32\nbotocore==1.38.32\ncachetools==5.5.2\ncertifi==2025.4.26\ncffi==1.17.1\ncharset-normalizer==3.4.2\nclick==8.2.1\ncloudpickle==3.0.0\ncomm==0.2.2\ncontourpy==1.3.2\ncoverage==7.9.1\ncryptography==45.0.3\ncycler==0.12.1\ndatasets==3.6.0\ndebugpy==1.8.14\ndecorator==5.2.1\ndefusedxml==0.7.1\ndill==0.3.8\ndiskcache==5.6.3\nentrypoints==0.4\nexecuting==2.2.0\nFaker==37.3.0\nfastapi==0.115.14\nfastjsonschema==2.21.1\nfavicon==0.7.0\nfilelock==3.18.0\nfonttools==4.58.2\nfqdn==1.5.1\nfrozenlist==1.6.2\nfsspec==2025.3.0\ngitdb==4.0.12\nGitPython==3.1.44\ngrpcio==1.73.0\nh11==0.16.0\nhf-xet==1.1.3\nhtbuilder==0.9.0\nhttpcore==1.0.9\nhttpx==0.28.1\nhttpx-ws==0.7.2\nhuggingface-hub==0.33.0\nidna==3.10\niniconfig==2.1.0\nipykernel==6.29.5\nipython==9.3.0\nipython_pygments_lexers==1.1.1\nipywidgets==8.1.7\nisoduration==20.11.0\njedi==0.19.2\nJinja2==3.1.6\njmespath==1.0.1\njoblib==1.5.1\njson5==0.12.0\njsonpointer==3.0.0\njsonschema==4.24.0\njsonschema-specifications==2025.4.1\njupyter==1.1.1\njupyter-console==6.6.3\njupyter-events==0.12.0\njupyter-lsp==2.2.5\njupyter_client==8.6.3\njupyter_core==5.8.1\njupyter_server==2.16.0\njupyter_server_terminals==0.5.3\njupyterlab==4.4.3\njupyterlab_pygments==0.3.0\njupyterlab_server==2.27.3\njupyterlab_widgets==3.0.15\nkiwisolver==1.4.8\nllama_cpp_python==0.3.9\nlmstudio==1.3.1\nlxml==5.4.0\nMako==1.3.10\nMarkdown==3.8\nmarkdownlit==0.0.7\nMarkupSafe==3.0.2\nmatplotlib==3.10.3\nmatplotlib-inline==0.1.7\nmistune==3.1.3\nmpmath==1.3.0\nmsgspec==0.19.0\nmultidict==6.4.4\nmultiprocess==0.70.16\nnarwhals==1.41.1\nnbclient==0.10.2\nnbconvert==7.16.6\nnbformat==5.10.4\nnest-asyncio==1.6.0\nnetworkx==3.5\nnltk==3.9.1\nnotebook==7.4.3\nnotebook_shim==0.2.4\nnumpy==2.3.0\norjson==3.10.18\noverrides==7.7.0\npackaging==24.2\npandas==2.3.0\npandocfilters==1.5.1\nparso==0.8.4\npeft @ git+https://github.com/huggingface/peft.git@759bb70acea8486b3a493792a5b6ba80b5217fb4\npexpect==4.9.0\npillow==11.2.1\nplatformdirs==4.3.8\nplotly==6.1.2\npluggy==1.6.0\nprometheus_client==0.22.1\nprompt_toolkit==3.0.51\npropcache==0.3.1\nprotobuf==5.29.5\npsutil==7.0.0\nptyprocess==0.7.0\npure_eval==0.2.3\npyarrow==18.1.0\npycparser==2.22\npydantic==2.11.7\npydantic_core==2.33.2\npydeck==0.9.1\nPygments==2.19.1\nPyJWT==2.10.1\npymdown-extensions==10.15\npyOpenSSL==25.1.0\npyparsing==3.2.3\npytest==8.4.1\npytest-asyncio==1.0.0\npytest-cov==6.2.1\npython-dateutil==2.9.0.post0\npython-dotenv==1.1.0\npython-json-logger==3.3.0\npytz==2025.2\nPyYAML==6.0.2\npyzmq==26.4.0\nreferencing==0.36.2\nregex==2024.11.6\nrequests==2.32.4\nrfc3339-validator==0.1.4\nrfc3986-validator==0.1.1\nrpds-py==0.25.1\nruff==0.12.0\ns3transfer==0.13.0\nsafetensors==0.5.3\nscikit-learn==1.7.0\nscipy==1.15.3\nseaborn==0.13.2\nSend2Trash==1.8.3\nsentence-transformers==4.1.0\nsentencepiece==0.2.0\nsentry-sdk==2.30.0\nsetproctitle==1.3.6\nsetuptools==80.9.0\nsix==1.17.0\nsmmap==5.0.2\nsniffio==1.3.1\nsnowflake-connector-python==3.15.0\nsnowflake-snowpark-python==1.32.0\nsortedcontainers==2.4.0\nsoupsieve==2.7\nSQLAlchemy==2.0.41\nst-annotated-text==4.0.2\nst-theme==1.2.3\nstack-data==0.6.3\nstarlette==0.46.2\nstreamlit==1.45.1\nstreamlit-avatar==0.1.3\nstreamlit-camera-input-live==0.2.0\nstreamlit-card==1.0.2\nstreamlit-embedcode==0.1.2\nstreamlit-extras==0.7.1\nstreamlit-faker==0.0.3\nstreamlit-image-coordinates==0.2.2\nstreamlit-keyup==0.3.0\nstreamlit-option-menu==0.4.0\nstreamlit-toggle-switch==1.0.2\nstreamlit-vertical-slider==2.5.5\nsympy==1.14.0\ntenacity==9.1.2\ntensorboard==2.19.0\ntensorboard-data-server==0.7.2\nterminado==0.18.1\nthreadpoolctl==3.6.0\ntinycss2==1.4.0\ntokenizers==0.21.1\ntoml==0.10.2\ntomlkit==0.13.3\ntorch==2.7.1\ntornado==6.5.1\ntqdm==4.67.1\ntraitlets==5.14.3\ntransformers==4.52.4\ntrl==0.19.0\ntypes-python-dateutil==2.9.0.20250516\ntyping-inspection==0.4.1\ntyping_extensions==4.14.0\ntzdata==2025.2\ntzlocal==5.3.1\nuri-template==1.3.0\nurllib3==2.4.0\nuv==0.7.11\nuvicorn==0.35.0\nvalidators==0.35.0\nwandb==0.20.1\nwatchdog==6.0.0\nwcwidth==0.2.13\nwebcolors==24.11.1\nwebencodings==0.5.1\nwebsocket-client==1.8.0\nWerkzeug==3.1.3\nwheel==0.45.1\nwidgetsnbextension==4.0.14\nwsproto==1.2.0\nxxhash==3.5.0\nyarl==1.20.0\n"", ""run_env_vars"": {}}"
ci_sft_training_20250629_123811,2025-06-29T17:38:25.139944+00:00,0,final_loss,0.5486014634370804,
ci_sft_training_20250629_123811,2025-06-29T17:38:25.139944+00:00,0,training_duration,7.5210487842559814,
ci_sft_training_20250629_123811,2025-06-29T17:38:25.139944+00:00,0,max_steps,10,
ci_sft_training_20250629_123811,2025-06-29T17:38:25.139944+00:00,0,dataset_size,100,
ci_sft_training_20250629_123811,2025-06-29T17:38:25.139944+00:00,0,status,completed,
ci_sft_training_20250629_123827,2025-06-29T17:38:27.333066+00:00,-1,run_init,"{""model_name"": ""HuggingFaceTB/SmolLM2-135M-Instruct"", ""learning_rate"": 0.0002, ""batch_size"": 1, ""max_steps"": 3, ""output_dir"": ""/var/folders/9x/58m08f710ln5mxfj6_41qtfh0000gn/T/tmpomp7rh4p"", ""quick_mode"": true, ""dataset_size"": 100}","{""git_sha"": ""139004fbd3270d10b64e329db19d7e62ad3b1d0b"", ""pip_freeze"": ""absl-py==2.3.0\naccelerate==1.7.0\naiohappyeyeballs==2.6.1\naiohttp==3.12.9\naiosignal==1.3.2\nalembic==1.16.2\naltair==5.5.0\nannotated-types==0.7.0\nanyio==4.9.0\nappnope==0.1.4\nargon2-cffi==25.1.0\nargon2-cffi-bindings==21.2.0\narrow==1.3.0\nasn1crypto==1.5.1\nasttokens==3.0.0\nasync-lru==2.0.5\nattrs==25.3.0\nbabel==2.17.0\nbcrypt==4.3.0\nbeautifulsoup4==4.13.4\nbitsandbytes==0.42.0\nbleach==6.2.0\nblinker==1.9.0\nboto3==1.38.32\nbotocore==1.38.32\ncachetools==5.5.2\ncertifi==2025.4.26\ncffi==1.17.1\ncharset-normalizer==3.4.2\nclick==8.2.1\ncloudpickle==3.0.0\ncomm==0.2.2\ncontourpy==1.3.2\ncoverage==7.9.1\ncryptography==45.0.3\ncycler==0.12.1\ndatasets==3.6.0\ndebugpy==1.8.14\ndecorator==5.2.1\ndefusedxml==0.7.1\ndill==0.3.8\ndiskcache==5.6.3\nentrypoints==0.4\nexecuting==2.2.0\nFaker==37.3.0\nfastapi==0.115.14\nfastjsonschema==2.21.1\nfavicon==0.7.0\nfilelock==3.18.0\nfonttools==4.58.2\nfqdn==1.5.1\nfrozenlist==1.6.2\nfsspec==2025.3.0\ngitdb==4.0.12\nGitPython==3.1.44\ngrpcio==1.73.0\nh11==0.16.0\nhf-xet==1.1.3\nhtbuilder==0.9.0\nhttpcore==1.0.9\nhttpx==0.28.1\nhttpx-ws==0.7.2\nhuggingface-hub==0.33.0\nidna==3.10\niniconfig==2.1.0\nipykernel==6.29.5\nipython==9.3.0\nipython_pygments_lexers==1.1.1\nipywidgets==8.1.7\nisoduration==20.11.0\njedi==0.19.2\nJinja2==3.1.6\njmespath==1.0.1\njoblib==1.5.1\njson5==0.12.0\njsonpointer==3.0.0\njsonschema==4.24.0\njsonschema-specifications==2025.4.1\njupyter==1.1.1\njupyter-console==6.6.3\njupyter-events==0.12.0\njupyter-lsp==2.2.5\njupyter_client==8.6.3\njupyter_core==5.8.1\njupyter_server==2.16.0\njupyter_server_terminals==0.5.3\njupyterlab==4.4.3\njupyterlab_pygments==0.3.0\njupyterlab_server==2.27.3\njupyterlab_widgets==3.0.15\nkiwisolver==1.4.8\nllama_cpp_python==0.3.9\nlmstudio==1.3.1\nlxml==5.4.0\nMako==1.3.10\nMarkdown==3.8\nmarkdownlit==0.0.7\nMarkupSafe==3.0.2\nmatplotlib==3.10.3\nmatplotlib-inline==0.1.7\nmistune==3.1.3\nmpmath==1.3.0\nmsgspec==0.19.0\nmultidict==6.4.4\nmultiprocess==0.70.16\nnarwhals==1.41.1\nnbclient==0.10.2\nnbconvert==7.16.6\nnbformat==5.10.4\nnest-asyncio==1.6.0\nnetworkx==3.5\nnltk==3.9.1\nnotebook==7.4.3\nnotebook_shim==0.2.4\nnumpy==2.3.0\norjson==3.10.18\noverrides==7.7.0\npackaging==24.2\npandas==2.3.0\npandocfilters==1.5.1\nparso==0.8.4\npeft @ git+https://github.com/huggingface/peft.git@759bb70acea8486b3a493792a5b6ba80b5217fb4\npexpect==4.9.0\npillow==11.2.1\nplatformdirs==4.3.8\nplotly==6.1.2\npluggy==1.6.0\nprometheus_client==0.22.1\nprompt_toolkit==3.0.51\npropcache==0.3.1\nprotobuf==5.29.5\npsutil==7.0.0\nptyprocess==0.7.0\npure_eval==0.2.3\npyarrow==18.1.0\npycparser==2.22\npydantic==2.11.7\npydantic_core==2.33.2\npydeck==0.9.1\nPygments==2.19.1\nPyJWT==2.10.1\npymdown-extensions==10.15\npyOpenSSL==25.1.0\npyparsing==3.2.3\npytest==8.4.1\npytest-asyncio==1.0.0\npytest-cov==6.2.1\npython-dateutil==2.9.0.post0\npython-dotenv==1.1.0\npython-json-logger==3.3.0\npytz==2025.2\nPyYAML==6.0.2\npyzmq==26.4.0\nreferencing==0.36.2\nregex==2024.11.6\nrequests==2.32.4\nrfc3339-validator==0.1.4\nrfc3986-validator==0.1.1\nrpds-py==0.25.1\nruff==0.12.0\ns3transfer==0.13.0\nsafetensors==0.5.3\nscikit-learn==1.7.0\nscipy==1.15.3\nseaborn==0.13.2\nSend2Trash==1.8.3\nsentence-transformers==4.1.0\nsentencepiece==0.2.0\nsentry-sdk==2.30.0\nsetproctitle==1.3.6\nsetuptools==80.9.0\nsix==1.17.0\nsmmap==5.0.2\nsniffio==1.3.1\nsnowflake-connector-python==3.15.0\nsnowflake-snowpark-python==1.32.0\nsortedcontainers==2.4.0\nsoupsieve==2.7\nSQLAlchemy==2.0.41\nst-annotated-text==4.0.2\nst-theme==1.2.3\nstack-data==0.6.3\nstarlette==0.46.2\nstreamlit==1.45.1\nstreamlit-avatar==0.1.3\nstreamlit-camera-input-live==0.2.0\nstreamlit-card==1.0.2\nstreamlit-embedcode==0.1.2\nstreamlit-extras==0.7.1\nstreamlit-faker==0.0.3\nstreamlit-image-coordinates==0.2.2\nstreamlit-keyup==0.3.0\nstreamlit-option-menu==0.4.0\nstreamlit-toggle-switch==1.0.2\nstreamlit-vertical-slider==2.5.5\nsympy==1.14.0\ntenacity==9.1.2\ntensorboard==2.19.0\ntensorboard-data-server==0.7.2\nterminado==0.18.1\nthreadpoolctl==3.6.0\ntinycss2==1.4.0\ntokenizers==0.21.1\ntoml==0.10.2\ntomlkit==0.13.3\ntorch==2.7.1\ntornado==6.5.1\ntqdm==4.67.1\ntraitlets==5.14.3\ntransformers==4.52.4\ntrl==0.19.0\ntypes-python-dateutil==2.9.0.20250516\ntyping-inspection==0.4.1\ntyping_extensions==4.14.0\ntzdata==2025.2\ntzlocal==5.3.1\nuri-template==1.3.0\nurllib3==2.4.0\nuv==0.7.11\nuvicorn==0.35.0\nvalidators==0.35.0\nwandb==0.20.1\nwatchdog==6.0.0\nwcwidth==0.2.13\nwebcolors==24.11.1\nwebencodings==0.5.1\nwebsocket-client==1.8.0\nWerkzeug==3.1.3\nwheel==0.45.1\nwidgetsnbextension==4.0.14\nwsproto==1.2.0\nxxhash==3.5.0\nyarl==1.20.0\n"", ""run_env_vars"": {}}"
ci_sft_training_20250629_123827,2025-06-29T17:38:38.733938+00:00,0,final_loss,1.426733483870824,
ci_sft_training_20250629_123827,2025-06-29T17:38:38.733938+00:00,0,training_duration,5.193368673324585,
ci_sft_training_20250629_123827,2025-06-29T17:38:38.733938+00:00,0,max_steps,3,
ci_sft_training_20250629_123827,2025-06-29T17:38:38.733938+00:00,0,dataset_size,100,
ci_sft_training_20250629_123827,2025-06-29T17:38:38.733938+00:00,0,status,completed,
ci_sft_training_20250629_123840,2025-06-29T17:38:40.756982+00:00,-1,run_init,"{""model_name"": ""HuggingFaceTB/SmolLM2-135M-Instruct"", ""learning_rate"": 0.0002, ""batch_size"": 1, ""max_steps"": 1, ""output_dir"": ""/var/folders/9x/58m08f710ln5mxfj6_41qtfh0000gn/T/tmp0nn8l5f0"", ""quick_mode"": true, ""dataset_size"": 100}","{""git_sha"": ""139004fbd3270d10b64e329db19d7e62ad3b1d0b"", ""pip_freeze"": ""absl-py==2.3.0\naccelerate==1.7.0\naiohappyeyeballs==2.6.1\naiohttp==3.12.9\naiosignal==1.3.2\nalembic==1.16.2\naltair==5.5.0\nannotated-types==0.7.0\nanyio==4.9.0\nappnope==0.1.4\nargon2-cffi==25.1.0\nargon2-cffi-bindings==21.2.0\narrow==1.3.0\nasn1crypto==1.5.1\nasttokens==3.0.0\nasync-lru==2.0.5\nattrs==25.3.0\nbabel==2.17.0\nbcrypt==4.3.0\nbeautifulsoup4==4.13.4\nbitsandbytes==0.42.0\nbleach==6.2.0\nblinker==1.9.0\nboto3==1.38.32\nbotocore==1.38.32\ncachetools==5.5.2\ncertifi==2025.4.26\ncffi==1.17.1\ncharset-normalizer==3.4.2\nclick==8.2.1\ncloudpickle==3.0.0\ncomm==0.2.2\ncontourpy==1.3.2\ncoverage==7.9.1\ncryptography==45.0.3\ncycler==0.12.1\ndatasets==3.6.0\ndebugpy==1.8.14\ndecorator==5.2.1\ndefusedxml==0.7.1\ndill==0.3.8\ndiskcache==5.6.3\nentrypoints==0.4\nexecuting==2.2.0\nFaker==37.3.0\nfastapi==0.115.14\nfastjsonschema==2.21.1\nfavicon==0.7.0\nfilelock==3.18.0\nfonttools==4.58.2\nfqdn==1.5.1\nfrozenlist==1.6.2\nfsspec==2025.3.0\ngitdb==4.0.12\nGitPython==3.1.44\ngrpcio==1.73.0\nh11==0.16.0\nhf-xet==1.1.3\nhtbuilder==0.9.0\nhttpcore==1.0.9\nhttpx==0.28.1\nhttpx-ws==0.7.2\nhuggingface-hub==0.33.0\nidna==3.10\niniconfig==2.1.0\nipykernel==6.29.5\nipython==9.3.0\nipython_pygments_lexers==1.1.1\nipywidgets==8.1.7\nisoduration==20.11.0\njedi==0.19.2\nJinja2==3.1.6\njmespath==1.0.1\njoblib==1.5.1\njson5==0.12.0\njsonpointer==3.0.0\njsonschema==4.24.0\njsonschema-specifications==2025.4.1\njupyter==1.1.1\njupyter-console==6.6.3\njupyter-events==0.12.0\njupyter-lsp==2.2.5\njupyter_client==8.6.3\njupyter_core==5.8.1\njupyter_server==2.16.0\njupyter_server_terminals==0.5.3\njupyterlab==4.4.3\njupyterlab_pygments==0.3.0\njupyterlab_server==2.27.3\njupyterlab_widgets==3.0.15\nkiwisolver==1.4.8\nllama_cpp_python==0.3.9\nlmstudio==1.3.1\nlxml==5.4.0\nMako==1.3.10\nMarkdown==3.8\nmarkdownlit==0.0.7\nMarkupSafe==3.0.2\nmatplotlib==3.10.3\nmatplotlib-inline==0.1.7\nmistune==3.1.3\nmpmath==1.3.0\nmsgspec==0.19.0\nmultidict==6.4.4\nmultiprocess==0.70.16\nnarwhals==1.41.1\nnbclient==0.10.2\nnbconvert==7.16.6\nnbformat==5.10.4\nnest-asyncio==1.6.0\nnetworkx==3.5\nnltk==3.9.1\nnotebook==7.4.3\nnotebook_shim==0.2.4\nnumpy==2.3.0\norjson==3.10.18\noverrides==7.7.0\npackaging==24.2\npandas==2.3.0\npandocfilters==1.5.1\nparso==0.8.4\npeft @ git+https://github.com/huggingface/peft.git@759bb70acea8486b3a493792a5b6ba80b5217fb4\npexpect==4.9.0\npillow==11.2.1\nplatformdirs==4.3.8\nplotly==6.1.2\npluggy==1.6.0\nprometheus_client==0.22.1\nprompt_toolkit==3.0.51\npropcache==0.3.1\nprotobuf==5.29.5\npsutil==7.0.0\nptyprocess==0.7.0\npure_eval==0.2.3\npyarrow==18.1.0\npycparser==2.22\npydantic==2.11.7\npydantic_core==2.33.2\npydeck==0.9.1\nPygments==2.19.1\nPyJWT==2.10.1\npymdown-extensions==10.15\npyOpenSSL==25.1.0\npyparsing==3.2.3\npytest==8.4.1\npytest-asyncio==1.0.0\npytest-cov==6.2.1\npython-dateutil==2.9.0.post0\npython-dotenv==1.1.0\npython-json-logger==3.3.0\npytz==2025.2\nPyYAML==6.0.2\npyzmq==26.4.0\nreferencing==0.36.2\nregex==2024.11.6\nrequests==2.32.4\nrfc3339-validator==0.1.4\nrfc3986-validator==0.1.1\nrpds-py==0.25.1\nruff==0.12.0\ns3transfer==0.13.0\nsafetensors==0.5.3\nscikit-learn==1.7.0\nscipy==1.15.3\nseaborn==0.13.2\nSend2Trash==1.8.3\nsentence-transformers==4.1.0\nsentencepiece==0.2.0\nsentry-sdk==2.30.0\nsetproctitle==1.3.6\nsetuptools==80.9.0\nsix==1.17.0\nsmmap==5.0.2\nsniffio==1.3.1\nsnowflake-connector-python==3.15.0\nsnowflake-snowpark-python==1.32.0\nsortedcontainers==2.4.0\nsoupsieve==2.7\nSQLAlchemy==2.0.41\nst-annotated-text==4.0.2\nst-theme==1.2.3\nstack-data==0.6.3\nstarlette==0.46.2\nstreamlit==1.45.1\nstreamlit-avatar==0.1.3\nstreamlit-camera-input-live==0.2.0\nstreamlit-card==1.0.2\nstreamlit-embedcode==0.1.2\nstreamlit-extras==0.7.1\nstreamlit-faker==0.0.3\nstreamlit-image-coordinates==0.2.2\nstreamlit-keyup==0.3.0\nstreamlit-option-menu==0.4.0\nstreamlit-toggle-switch==1.0.2\nstreamlit-vertical-slider==2.5.5\nsympy==1.14.0\ntenacity==9.1.2\ntensorboard==2.19.0\ntensorboard-data-server==0.7.2\nterminado==0.18.1\nthreadpoolctl==3.6.0\ntinycss2==1.4.0\ntokenizers==0.21.1\ntoml==0.10.2\ntomlkit==0.13.3\ntorch==2.7.1\ntornado==6.5.1\ntqdm==4.67.1\ntraitlets==5.14.3\ntransformers==4.52.4\ntrl==0.19.0\ntypes-python-dateutil==2.9.0.20250516\ntyping-inspection==0.4.1\ntyping_extensions==4.14.0\ntzdata==2025.2\ntzlocal==5.3.1\nuri-template==1.3.0\nurllib3==2.4.0\nuv==0.7.11\nuvicorn==0.35.0\nvalidators==0.35.0\nwandb==0.20.1\nwatchdog==6.0.0\nwcwidth==0.2.13\nwebcolors==24.11.1\nwebencodings==0.5.1\nwebsocket-client==1.8.0\nWerkzeug==3.1.3\nwheel==0.45.1\nwidgetsnbextension==4.0.14\nwsproto==1.2.0\nxxhash==3.5.0\nyarl==1.20.0\n"", ""run_env_vars"": {}}"
ci_sft_training_20250629_123840,2025-06-29T17:38:51.741010+00:00,0,final_loss,2.735788106918335,
ci_sft_training_20250629_123840,2025-06-29T17:38:51.741010+00:00,0,training_duration,4.585340976715088,
ci_sft_training_20250629_123840,2025-06-29T17:38:51.741010+00:00,0,max_steps,1,
ci_sft_training_20250629_123840,2025-06-29T17:38:51.741010+00:00,0,dataset_size,100,
ci_sft_training_20250629_123840,2025-06-29T17:38:51.741010+00:00,0,status,completed,
ci_sft_training_20250629_123853,2025-06-29T17:38:53.719077+00:00,-1,run_init,"{""model_name"": ""HuggingFaceTB/SmolLM2-135M-Instruct"", ""learning_rate"": 0.0002, ""batch_size"": 1, ""max_steps"": 1, ""output_dir"": ""/var/folders/9x/58m08f710ln5mxfj6_41qtfh0000gn/T/tmpd5_gyirc"", ""quick_mode"": true, ""dataset_size"": 3}","{""git_sha"": ""139004fbd3270d10b64e329db19d7e62ad3b1d0b"", ""pip_freeze"": ""absl-py==2.3.0\naccelerate==1.7.0\naiohappyeyeballs==2.6.1\naiohttp==3.12.9\naiosignal==1.3.2\nalembic==1.16.2\naltair==5.5.0\nannotated-types==0.7.0\nanyio==4.9.0\nappnope==0.1.4\nargon2-cffi==25.1.0\nargon2-cffi-bindings==21.2.0\narrow==1.3.0\nasn1crypto==1.5.1\nasttokens==3.0.0\nasync-lru==2.0.5\nattrs==25.3.0\nbabel==2.17.0\nbcrypt==4.3.0\nbeautifulsoup4==4.13.4\nbitsandbytes==0.42.0\nbleach==6.2.0\nblinker==1.9.0\nboto3==1.38.32\nbotocore==1.38.32\ncachetools==5.5.2\ncertifi==2025.4.26\ncffi==1.17.1\ncharset-normalizer==3.4.2\nclick==8.2.1\ncloudpickle==3.0.0\ncomm==0.2.2\ncontourpy==1.3.2\ncoverage==7.9.1\ncryptography==45.0.3\ncycler==0.12.1\ndatasets==3.6.0\ndebugpy==1.8.14\ndecorator==5.2.1\ndefusedxml==0.7.1\ndill==0.3.8\ndiskcache==5.6.3\nentrypoints==0.4\nexecuting==2.2.0\nFaker==37.3.0\nfastapi==0.115.14\nfastjsonschema==2.21.1\nfavicon==0.7.0\nfilelock==3.18.0\nfonttools==4.58.2\nfqdn==1.5.1\nfrozenlist==1.6.2\nfsspec==2025.3.0\ngitdb==4.0.12\nGitPython==3.1.44\ngrpcio==1.73.0\nh11==0.16.0\nhf-xet==1.1.3\nhtbuilder==0.9.0\nhttpcore==1.0.9\nhttpx==0.28.1\nhttpx-ws==0.7.2\nhuggingface-hub==0.33.0\nidna==3.10\niniconfig==2.1.0\nipykernel==6.29.5\nipython==9.3.0\nipython_pygments_lexers==1.1.1\nipywidgets==8.1.7\nisoduration==20.11.0\njedi==0.19.2\nJinja2==3.1.6\njmespath==1.0.1\njoblib==1.5.1\njson5==0.12.0\njsonpointer==3.0.0\njsonschema==4.24.0\njsonschema-specifications==2025.4.1\njupyter==1.1.1\njupyter-console==6.6.3\njupyter-events==0.12.0\njupyter-lsp==2.2.5\njupyter_client==8.6.3\njupyter_core==5.8.1\njupyter_server==2.16.0\njupyter_server_terminals==0.5.3\njupyterlab==4.4.3\njupyterlab_pygments==0.3.0\njupyterlab_server==2.27.3\njupyterlab_widgets==3.0.15\nkiwisolver==1.4.8\nllama_cpp_python==0.3.9\nlmstudio==1.3.1\nlxml==5.4.0\nMako==1.3.10\nMarkdown==3.8\nmarkdownlit==0.0.7\nMarkupSafe==3.0.2\nmatplotlib==3.10.3\nmatplotlib-inline==0.1.7\nmistune==3.1.3\nmpmath==1.3.0\nmsgspec==0.19.0\nmultidict==6.4.4\nmultiprocess==0.70.16\nnarwhals==1.41.1\nnbclient==0.10.2\nnbconvert==7.16.6\nnbformat==5.10.4\nnest-asyncio==1.6.0\nnetworkx==3.5\nnltk==3.9.1\nnotebook==7.4.3\nnotebook_shim==0.2.4\nnumpy==2.3.0\norjson==3.10.18\noverrides==7.7.0\npackaging==24.2\npandas==2.3.0\npandocfilters==1.5.1\nparso==0.8.4\npeft @ git+https://github.com/huggingface/peft.git@759bb70acea8486b3a493792a5b6ba80b5217fb4\npexpect==4.9.0\npillow==11.2.1\nplatformdirs==4.3.8\nplotly==6.1.2\npluggy==1.6.0\nprometheus_client==0.22.1\nprompt_toolkit==3.0.51\npropcache==0.3.1\nprotobuf==5.29.5\npsutil==7.0.0\nptyprocess==0.7.0\npure_eval==0.2.3\npyarrow==18.1.0\npycparser==2.22\npydantic==2.11.7\npydantic_core==2.33.2\npydeck==0.9.1\nPygments==2.19.1\nPyJWT==2.10.1\npymdown-extensions==10.15\npyOpenSSL==25.1.0\npyparsing==3.2.3\npytest==8.4.1\npytest-asyncio==1.0.0\npytest-cov==6.2.1\npython-dateutil==2.9.0.post0\npython-dotenv==1.1.0\npython-json-logger==3.3.0\npytz==2025.2\nPyYAML==6.0.2\npyzmq==26.4.0\nreferencing==0.36.2\nregex==2024.11.6\nrequests==2.32.4\nrfc3339-validator==0.1.4\nrfc3986-validator==0.1.1\nrpds-py==0.25.1\nruff==0.12.0\ns3transfer==0.13.0\nsafetensors==0.5.3\nscikit-learn==1.7.0\nscipy==1.15.3\nseaborn==0.13.2\nSend2Trash==1.8.3\nsentence-transformers==4.1.0\nsentencepiece==0.2.0\nsentry-sdk==2.30.0\nsetproctitle==1.3.6\nsetuptools==80.9.0\nsix==1.17.0\nsmmap==5.0.2\nsniffio==1.3.1\nsnowflake-connector-python==3.15.0\nsnowflake-snowpark-python==1.32.0\nsortedcontainers==2.4.0\nsoupsieve==2.7\nSQLAlchemy==2.0.41\nst-annotated-text==4.0.2\nst-theme==1.2.3\nstack-data==0.6.3\nstarlette==0.46.2\nstreamlit==1.45.1\nstreamlit-avatar==0.1.3\nstreamlit-camera-input-live==0.2.0\nstreamlit-card==1.0.2\nstreamlit-embedcode==0.1.2\nstreamlit-extras==0.7.1\nstreamlit-faker==0.0.3\nstreamlit-image-coordinates==0.2.2\nstreamlit-keyup==0.3.0\nstreamlit-option-menu==0.4.0\nstreamlit-toggle-switch==1.0.2\nstreamlit-vertical-slider==2.5.5\nsympy==1.14.0\ntenacity==9.1.2\ntensorboard==2.19.0\ntensorboard-data-server==0.7.2\nterminado==0.18.1\nthreadpoolctl==3.6.0\ntinycss2==1.4.0\ntokenizers==0.21.1\ntoml==0.10.2\ntomlkit==0.13.3\ntorch==2.7.1\ntornado==6.5.1\ntqdm==4.67.1\ntraitlets==5.14.3\ntransformers==4.52.4\ntrl==0.19.0\ntypes-python-dateutil==2.9.0.20250516\ntyping-inspection==0.4.1\ntyping_extensions==4.14.0\ntzdata==2025.2\ntzlocal==5.3.1\nuri-template==1.3.0\nurllib3==2.4.0\nuv==0.7.11\nuvicorn==0.35.0\nvalidators==0.35.0\nwandb==0.20.1\nwatchdog==6.0.0\nwcwidth==0.2.13\nwebcolors==24.11.1\nwebencodings==0.5.1\nwebsocket-client==1.8.0\nWerkzeug==3.1.3\nwheel==0.45.1\nwidgetsnbextension==4.0.14\nwsproto==1.2.0\nxxhash==3.5.0\nyarl==1.20.0\n"", ""run_env_vars"": {}}"
ci_sft_training_20250629_123853,2025-06-29T17:39:04.263108+00:00,0,final_loss,2.661999225616455,
ci_sft_training_20250629_123853,2025-06-29T17:39:04.263108+00:00,0,training_duration,4.111553907394409,
ci_sft_training_20250629_123853,2025-06-29T17:39:04.263108+00:00,0,max_steps,1,
ci_sft_training_20250629_123853,2025-06-29T17:39:04.263108+00:00,0,dataset_size,3,
ci_sft_training_20250629_123853,2025-06-29T17:39:04.263108+00:00,0,status,completed,
ci_evaluation_20250629_123906,2025-06-29T17:39:06.482446+00:00,-1,run_init,"{""checkpoint_path"": ""/var/folders/9x/58m08f710ln5mxfj6_41qtfh0000gn/T/tmpzx20ionc/checkpoint"", ""output_json"": ""/var/folders/9x/58m08f710ln5mxfj6_41qtfh0000gn/T/tmpzx20ionc/results.json"", ""quick_mode"": true, ""num_samples"": 10}","{""git_sha"": ""139004fbd3270d10b64e329db19d7e62ad3b1d0b"", ""pip_freeze"": ""absl-py==2.3.0\naccelerate==1.7.0\naiohappyeyeballs==2.6.1\naiohttp==3.12.9\naiosignal==1.3.2\nalembic==1.16.2\naltair==5.5.0\nannotated-types==0.7.0\nanyio==4.9.0\nappnope==0.1.4\nargon2-cffi==25.1.0\nargon2-cffi-bindings==21.2.0\narrow==1.3.0\nasn1crypto==1.5.1\nasttokens==3.0.0\nasync-lru==2.0.5\nattrs==25.3.0\nbabel==2.17.0\nbcrypt==4.3.0\nbeautifulsoup4==4.13.4\nbitsandbytes==0.42.0\nbleach==6.2.0\nblinker==1.9.0\nboto3==1.38.32\nbotocore==1.38.32\ncachetools==5.5.2\ncertifi==2025.4.26\ncffi==1.17.1\ncharset-normalizer==3.4.2\nclick==8.2.1\ncloudpickle==3.0.0\ncomm==0.2.2\ncontourpy==1.3.2\ncoverage==7.9.1\ncryptography==45.0.3\ncycler==0.12.1\ndatasets==3.6.0\ndebugpy==1.8.14\ndecorator==5.2.1\ndefusedxml==0.7.1\ndill==0.3.8\ndiskcache==5.6.3\nentrypoints==0.4\nexecuting==2.2.0\nFaker==37.3.0\nfastapi==0.115.14\nfastjsonschema==2.21.1\nfavicon==0.7.0\nfilelock==3.18.0\nfonttools==4.58.2\nfqdn==1.5.1\nfrozenlist==1.6.2\nfsspec==2025.3.0\ngitdb==4.0.12\nGitPython==3.1.44\ngrpcio==1.73.0\nh11==0.16.0\nhf-xet==1.1.3\nhtbuilder==0.9.0\nhttpcore==1.0.9\nhttpx==0.28.1\nhttpx-ws==0.7.2\nhuggingface-hub==0.33.0\nidna==3.10\niniconfig==2.1.0\nipykernel==6.29.5\nipython==9.3.0\nipython_pygments_lexers==1.1.1\nipywidgets==8.1.7\nisoduration==20.11.0\njedi==0.19.2\nJinja2==3.1.6\njmespath==1.0.1\njoblib==1.5.1\njson5==0.12.0\njsonpointer==3.0.0\njsonschema==4.24.0\njsonschema-specifications==2025.4.1\njupyter==1.1.1\njupyter-console==6.6.3\njupyter-events==0.12.0\njupyter-lsp==2.2.5\njupyter_client==8.6.3\njupyter_core==5.8.1\njupyter_server==2.16.0\njupyter_server_terminals==0.5.3\njupyterlab==4.4.3\njupyterlab_pygments==0.3.0\njupyterlab_server==2.27.3\njupyterlab_widgets==3.0.15\nkiwisolver==1.4.8\nllama_cpp_python==0.3.9\nlmstudio==1.3.1\nlxml==5.4.0\nMako==1.3.10\nMarkdown==3.8\nmarkdownlit==0.0.7\nMarkupSafe==3.0.2\nmatplotlib==3.10.3\nmatplotlib-inline==0.1.7\nmistune==3.1.3\nmpmath==1.3.0\nmsgspec==0.19.0\nmultidict==6.4.4\nmultiprocess==0.70.16\nnarwhals==1.41.1\nnbclient==0.10.2\nnbconvert==7.16.6\nnbformat==5.10.4\nnest-asyncio==1.6.0\nnetworkx==3.5\nnltk==3.9.1\nnotebook==7.4.3\nnotebook_shim==0.2.4\nnumpy==2.3.0\norjson==3.10.18\noverrides==7.7.0\npackaging==24.2\npandas==2.3.0\npandocfilters==1.5.1\nparso==0.8.4\npeft @ git+https://github.com/huggingface/peft.git@759bb70acea8486b3a493792a5b6ba80b5217fb4\npexpect==4.9.0\npillow==11.2.1\nplatformdirs==4.3.8\nplotly==6.1.2\npluggy==1.6.0\nprometheus_client==0.22.1\nprompt_toolkit==3.0.51\npropcache==0.3.1\nprotobuf==5.29.5\npsutil==7.0.0\nptyprocess==0.7.0\npure_eval==0.2.3\npyarrow==18.1.0\npycparser==2.22\npydantic==2.11.7\npydantic_core==2.33.2\npydeck==0.9.1\nPygments==2.19.1\nPyJWT==2.10.1\npymdown-extensions==10.15\npyOpenSSL==25.1.0\npyparsing==3.2.3\npytest==8.4.1\npytest-asyncio==1.0.0\npytest-cov==6.2.1\npython-dateutil==2.9.0.post0\npython-dotenv==1.1.0\npython-json-logger==3.3.0\npytz==2025.2\nPyYAML==6.0.2\npyzmq==26.4.0\nreferencing==0.36.2\nregex==2024.11.6\nrequests==2.32.4\nrfc3339-validator==0.1.4\nrfc3986-validator==0.1.1\nrpds-py==0.25.1\nruff==0.12.0\ns3transfer==0.13.0\nsafetensors==0.5.3\nscikit-learn==1.7.0\nscipy==1.15.3\nseaborn==0.13.2\nSend2Trash==1.8.3\nsentence-transformers==4.1.0\nsentencepiece==0.2.0\nsentry-sdk==2.30.0\nsetproctitle==1.3.6\nsetuptools==80.9.0\nsix==1.17.0\nsmmap==5.0.2\nsniffio==1.3.1\nsnowflake-connector-python==3.15.0\nsnowflake-snowpark-python==1.32.0\nsortedcontainers==2.4.0\nsoupsieve==2.7\nSQLAlchemy==2.0.41\nst-annotated-text==4.0.2\nst-theme==1.2.3\nstack-data==0.6.3\nstarlette==0.46.2\nstreamlit==1.45.1\nstreamlit-avatar==0.1.3\nstreamlit-camera-input-live==0.2.0\nstreamlit-card==1.0.2\nstreamlit-embedcode==0.1.2\nstreamlit-extras==0.7.1\nstreamlit-faker==0.0.3\nstreamlit-image-coordinates==0.2.2\nstreamlit-keyup==0.3.0\nstreamlit-option-menu==0.4.0\nstreamlit-toggle-switch==1.0.2\nstreamlit-vertical-slider==2.5.5\nsympy==1.14.0\ntenacity==9.1.2\ntensorboard==2.19.0\ntensorboard-data-server==0.7.2\nterminado==0.18.1\nthreadpoolctl==3.6.0\ntinycss2==1.4.0\ntokenizers==0.21.1\ntoml==0.10.2\ntomlkit==0.13.3\ntorch==2.7.1\ntornado==6.5.1\ntqdm==4.67.1\ntraitlets==5.14.3\ntransformers==4.52.4\ntrl==0.19.0\ntypes-python-dateutil==2.9.0.20250516\ntyping-inspection==0.4.1\ntyping_extensions==4.14.0\ntzdata==2025.2\ntzlocal==5.3.1\nuri-template==1.3.0\nurllib3==2.4.0\nuv==0.7.11\nuvicorn==0.35.0\nvalidators==0.35.0\nwandb==0.20.1\nwatchdog==6.0.0\nwcwidth==0.2.13\nwebcolors==24.11.1\nwebencodings==0.5.1\nwebsocket-client==1.8.0\nWerkzeug==3.1.3\nwheel==0.45.1\nwidgetsnbextension==4.0.14\nwsproto==1.2.0\nxxhash==3.5.0\nyarl==1.20.0\n"", ""run_env_vars"": {}}"
ci_evaluation_20250629_123906,2025-06-29T17:39:06.483329+00:00,0,json_correctness,1.0,
ci_evaluation_20250629_123906,2025-06-29T17:39:06.483329+00:00,0,personality_alignment,0.5,
ci_evaluation_20250629_123906,2025-06-29T17:39:06.483329+00:00,0,evaluation_duration,0.0003859996795654297,
ci_evaluation_20250629_123906,2025-06-29T17:39:06.483329+00:00,0,status,completed,
ci_evaluation_20250629_123908,2025-06-29T17:39:08.183727+00:00,-1,run_init,"{""checkpoint_path"": ""/var/folders/9x/58m08f710ln5mxfj6_41qtfh0000gn/T/tmpkvknp2cx/checkpoint"", ""output_json"": ""/var/folders/9x/58m08f710ln5mxfj6_41qtfh0000gn/T/tmpkvknp2cx/results.json"", ""quick_mode"": true, ""num_samples"": 10}","{""git_sha"": ""139004fbd3270d10b64e329db19d7e62ad3b1d0b"", ""pip_freeze"": ""absl-py==2.3.0\naccelerate==1.7.0\naiohappyeyeballs==2.6.1\naiohttp==3.12.9\naiosignal==1.3.2\nalembic==1.16.2\naltair==5.5.0\nannotated-types==0.7.0\nanyio==4.9.0\nappnope==0.1.4\nargon2-cffi==25.1.0\nargon2-cffi-bindings==21.2.0\narrow==1.3.0\nasn1crypto==1.5.1\nasttokens==3.0.0\nasync-lru==2.0.5\nattrs==25.3.0\nbabel==2.17.0\nbcrypt==4.3.0\nbeautifulsoup4==4.13.4\nbitsandbytes==0.42.0\nbleach==6.2.0\nblinker==1.9.0\nboto3==1.38.32\nbotocore==1.38.32\ncachetools==5.5.2\ncertifi==2025.4.26\ncffi==1.17.1\ncharset-normalizer==3.4.2\nclick==8.2.1\ncloudpickle==3.0.0\ncomm==0.2.2\ncontourpy==1.3.2\ncoverage==7.9.1\ncryptography==45.0.3\ncycler==0.12.1\ndatasets==3.6.0\ndebugpy==1.8.14\ndecorator==5.2.1\ndefusedxml==0.7.1\ndill==0.3.8\ndiskcache==5.6.3\nentrypoints==0.4\nexecuting==2.2.0\nFaker==37.3.0\nfastapi==0.115.14\nfastjsonschema==2.21.1\nfavicon==0.7.0\nfilelock==3.18.0\nfonttools==4.58.2\nfqdn==1.5.1\nfrozenlist==1.6.2\nfsspec==2025.3.0\ngitdb==4.0.12\nGitPython==3.1.44\ngrpcio==1.73.0\nh11==0.16.0\nhf-xet==1.1.3\nhtbuilder==0.9.0\nhttpcore==1.0.9\nhttpx==0.28.1\nhttpx-ws==0.7.2\nhuggingface-hub==0.33.0\nidna==3.10\niniconfig==2.1.0\nipykernel==6.29.5\nipython==9.3.0\nipython_pygments_lexers==1.1.1\nipywidgets==8.1.7\nisoduration==20.11.0\njedi==0.19.2\nJinja2==3.1.6\njmespath==1.0.1\njoblib==1.5.1\njson5==0.12.0\njsonpointer==3.0.0\njsonschema==4.24.0\njsonschema-specifications==2025.4.1\njupyter==1.1.1\njupyter-console==6.6.3\njupyter-events==0.12.0\njupyter-lsp==2.2.5\njupyter_client==8.6.3\njupyter_core==5.8.1\njupyter_server==2.16.0\njupyter_server_terminals==0.5.3\njupyterlab==4.4.3\njupyterlab_pygments==0.3.0\njupyterlab_server==2.27.3\njupyterlab_widgets==3.0.15\nkiwisolver==1.4.8\nllama_cpp_python==0.3.9\nlmstudio==1.3.1\nlxml==5.4.0\nMako==1.3.10\nMarkdown==3.8\nmarkdownlit==0.0.7\nMarkupSafe==3.0.2\nmatplotlib==3.10.3\nmatplotlib-inline==0.1.7\nmistune==3.1.3\nmpmath==1.3.0\nmsgspec==0.19.0\nmultidict==6.4.4\nmultiprocess==0.70.16\nnarwhals==1.41.1\nnbclient==0.10.2\nnbconvert==7.16.6\nnbformat==5.10.4\nnest-asyncio==1.6.0\nnetworkx==3.5\nnltk==3.9.1\nnotebook==7.4.3\nnotebook_shim==0.2.4\nnumpy==2.3.0\norjson==3.10.18\noverrides==7.7.0\npackaging==24.2\npandas==2.3.0\npandocfilters==1.5.1\nparso==0.8.4\npeft @ git+https://github.com/huggingface/peft.git@759bb70acea8486b3a493792a5b6ba80b5217fb4\npexpect==4.9.0\npillow==11.2.1\nplatformdirs==4.3.8\nplotly==6.1.2\npluggy==1.6.0\nprometheus_client==0.22.1\nprompt_toolkit==3.0.51\npropcache==0.3.1\nprotobuf==5.29.5\npsutil==7.0.0\nptyprocess==0.7.0\npure_eval==0.2.3\npyarrow==18.1.0\npycparser==2.22\npydantic==2.11.7\npydantic_core==2.33.2\npydeck==0.9.1\nPygments==2.19.1\nPyJWT==2.10.1\npymdown-extensions==10.15\npyOpenSSL==25.1.0\npyparsing==3.2.3\npytest==8.4.1\npytest-asyncio==1.0.0\npytest-cov==6.2.1\npython-dateutil==2.9.0.post0\npython-dotenv==1.1.0\npython-json-logger==3.3.0\npytz==2025.2\nPyYAML==6.0.2\npyzmq==26.4.0\nreferencing==0.36.2\nregex==2024.11.6\nrequests==2.32.4\nrfc3339-validator==0.1.4\nrfc3986-validator==0.1.1\nrpds-py==0.25.1\nruff==0.12.0\ns3transfer==0.13.0\nsafetensors==0.5.3\nscikit-learn==1.7.0\nscipy==1.15.3\nseaborn==0.13.2\nSend2Trash==1.8.3\nsentence-transformers==4.1.0\nsentencepiece==0.2.0\nsentry-sdk==2.30.0\nsetproctitle==1.3.6\nsetuptools==80.9.0\nsix==1.17.0\nsmmap==5.0.2\nsniffio==1.3.1\nsnowflake-connector-python==3.15.0\nsnowflake-snowpark-python==1.32.0\nsortedcontainers==2.4.0\nsoupsieve==2.7\nSQLAlchemy==2.0.41\nst-annotated-text==4.0.2\nst-theme==1.2.3\nstack-data==0.6.3\nstarlette==0.46.2\nstreamlit==1.45.1\nstreamlit-avatar==0.1.3\nstreamlit-camera-input-live==0.2.0\nstreamlit-card==1.0.2\nstreamlit-embedcode==0.1.2\nstreamlit-extras==0.7.1\nstreamlit-faker==0.0.3\nstreamlit-image-coordinates==0.2.2\nstreamlit-keyup==0.3.0\nstreamlit-option-menu==0.4.0\nstreamlit-toggle-switch==1.0.2\nstreamlit-vertical-slider==2.5.5\nsympy==1.14.0\ntenacity==9.1.2\ntensorboard==2.19.0\ntensorboard-data-server==0.7.2\nterminado==0.18.1\nthreadpoolctl==3.6.0\ntinycss2==1.4.0\ntokenizers==0.21.1\ntoml==0.10.2\ntomlkit==0.13.3\ntorch==2.7.1\ntornado==6.5.1\ntqdm==4.67.1\ntraitlets==5.14.3\ntransformers==4.52.4\ntrl==0.19.0\ntypes-python-dateutil==2.9.0.20250516\ntyping-inspection==0.4.1\ntyping_extensions==4.14.0\ntzdata==2025.2\ntzlocal==5.3.1\nuri-template==1.3.0\nurllib3==2.4.0\nuv==0.7.11\nuvicorn==0.35.0\nvalidators==0.35.0\nwandb==0.20.1\nwatchdog==6.0.0\nwcwidth==0.2.13\nwebcolors==24.11.1\nwebencodings==0.5.1\nwebsocket-client==1.8.0\nWerkzeug==3.1.3\nwheel==0.45.1\nwidgetsnbextension==4.0.14\nwsproto==1.2.0\nxxhash==3.5.0\nyarl==1.20.0\n"", ""run_env_vars"": {}}"
ci_evaluation_20250629_123908,2025-06-29T17:39:08.184454+00:00,0,json_correctness,1.0,
ci_evaluation_20250629_123908,2025-06-29T17:39:08.184454+00:00,0,personality_alignment,0.5,
ci_evaluation_20250629_123908,2025-06-29T17:39:08.184454+00:00,0,evaluation_duration,0.00032901763916015625,
ci_evaluation_20250629_123908,2025-06-29T17:39:08.184454+00:00,0,status,completed,
ci_sft_training_20250629_124413,2025-06-29T17:44:13.357982+00:00,-1,run_init,"{""model_name"": ""HuggingFaceTB/SmolLM2-135M-Instruct"", ""learning_rate"": 0.0002, ""batch_size"": 1, ""max_steps"": 5, ""output_dir"": ""/var/folders/9x/58m08f710ln5mxfj6_41qtfh0000gn/T/tmpsjvc7ude"", ""quick_mode"": true, ""dataset_size"": 100}","{""git_sha"": ""e4c89a62b5193e9f06dd06362739a33955146fd2"", ""pip_freeze"": ""absl-py==2.3.0\naccelerate==1.7.0\naiohappyeyeballs==2.6.1\naiohttp==3.12.9\naiosignal==1.3.2\nalembic==1.16.2\naltair==5.5.0\nannotated-types==0.7.0\nanyio==4.9.0\nappnope==0.1.4\nargon2-cffi==25.1.0\nargon2-cffi-bindings==21.2.0\narrow==1.3.0\nasn1crypto==1.5.1\nasttokens==3.0.0\nasync-lru==2.0.5\nattrs==25.3.0\nbabel==2.17.0\nbcrypt==4.3.0\nbeautifulsoup4==4.13.4\nbitsandbytes==0.42.0\nbleach==6.2.0\nblinker==1.9.0\nboto3==1.38.32\nbotocore==1.38.32\ncachetools==5.5.2\ncertifi==2025.4.26\ncffi==1.17.1\ncharset-normalizer==3.4.2\nclick==8.2.1\ncloudpickle==3.0.0\ncomm==0.2.2\ncontourpy==1.3.2\ncoverage==7.9.1\ncryptography==45.0.3\ncycler==0.12.1\ndatasets==3.6.0\ndebugpy==1.8.14\ndecorator==5.2.1\ndefusedxml==0.7.1\ndill==0.3.8\ndiskcache==5.6.3\nentrypoints==0.4\nexecuting==2.2.0\nFaker==37.3.0\nfastapi==0.115.14\nfastjsonschema==2.21.1\nfavicon==0.7.0\nfilelock==3.18.0\nfonttools==4.58.2\nfqdn==1.5.1\nfrozenlist==1.6.2\nfsspec==2025.3.0\ngitdb==4.0.12\nGitPython==3.1.44\ngrpcio==1.73.0\nh11==0.16.0\nhf-xet==1.1.3\nhtbuilder==0.9.0\nhttpcore==1.0.9\nhttpx==0.28.1\nhttpx-ws==0.7.2\nhuggingface-hub==0.33.0\nidna==3.10\niniconfig==2.1.0\nipykernel==6.29.5\nipython==9.3.0\nipython_pygments_lexers==1.1.1\nipywidgets==8.1.7\nisoduration==20.11.0\njedi==0.19.2\nJinja2==3.1.6\njmespath==1.0.1\njoblib==1.5.1\njson5==0.12.0\njsonpointer==3.0.0\njsonschema==4.24.0\njsonschema-specifications==2025.4.1\njupyter==1.1.1\njupyter-console==6.6.3\njupyter-events==0.12.0\njupyter-lsp==2.2.5\njupyter_client==8.6.3\njupyter_core==5.8.1\njupyter_server==2.16.0\njupyter_server_terminals==0.5.3\njupyterlab==4.4.3\njupyterlab_pygments==0.3.0\njupyterlab_server==2.27.3\njupyterlab_widgets==3.0.15\nkiwisolver==1.4.8\nllama_cpp_python==0.3.9\nlmstudio==1.3.1\nlxml==5.4.0\nMako==1.3.10\nMarkdown==3.8\nmarkdownlit==0.0.7\nMarkupSafe==3.0.2\nmatplotlib==3.10.3\nmatplotlib-inline==0.1.7\nmistune==3.1.3\nmpmath==1.3.0\nmsgspec==0.19.0\nmultidict==6.4.4\nmultiprocess==0.70.16\nnarwhals==1.41.1\nnbclient==0.10.2\nnbconvert==7.16.6\nnbformat==5.10.4\nnest-asyncio==1.6.0\nnetworkx==3.5\nnltk==3.9.1\nnotebook==7.4.3\nnotebook_shim==0.2.4\nnumpy==2.3.0\norjson==3.10.18\noverrides==7.7.0\npackaging==24.2\npandas==2.3.0\npandocfilters==1.5.1\nparso==0.8.4\npeft @ git+https://github.com/huggingface/peft.git@759bb70acea8486b3a493792a5b6ba80b5217fb4\npexpect==4.9.0\npillow==11.2.1\nplatformdirs==4.3.8\nplotly==6.1.2\npluggy==1.6.0\nprometheus_client==0.22.1\nprompt_toolkit==3.0.51\npropcache==0.3.1\nprotobuf==5.29.5\npsutil==7.0.0\nptyprocess==0.7.0\npure_eval==0.2.3\npyarrow==18.1.0\npycparser==2.22\npydantic==2.11.7\npydantic_core==2.33.2\npydeck==0.9.1\nPygments==2.19.1\nPyJWT==2.10.1\npymdown-extensions==10.15\npyOpenSSL==25.1.0\npyparsing==3.2.3\npytest==8.4.1\npytest-asyncio==1.0.0\npytest-cov==6.2.1\npython-dateutil==2.9.0.post0\npython-dotenv==1.1.0\npython-json-logger==3.3.0\npytz==2025.2\nPyYAML==6.0.2\npyzmq==26.4.0\nreferencing==0.36.2\nregex==2024.11.6\nrequests==2.32.4\nrfc3339-validator==0.1.4\nrfc3986-validator==0.1.1\nrpds-py==0.25.1\nruff==0.12.0\ns3transfer==0.13.0\nsafetensors==0.5.3\nscikit-learn==1.7.0\nscipy==1.15.3\nseaborn==0.13.2\nSend2Trash==1.8.3\nsentence-transformers==4.1.0\nsentencepiece==0.2.0\nsentry-sdk==2.30.0\nsetproctitle==1.3.6\nsetuptools==80.9.0\nsix==1.17.0\nsmmap==5.0.2\nsniffio==1.3.1\nsnowflake-connector-python==3.15.0\nsnowflake-snowpark-python==1.32.0\nsortedcontainers==2.4.0\nsoupsieve==2.7\nSQLAlchemy==2.0.41\nst-annotated-text==4.0.2\nst-theme==1.2.3\nstack-data==0.6.3\nstarlette==0.46.2\nstreamlit==1.45.1\nstreamlit-avatar==0.1.3\nstreamlit-camera-input-live==0.2.0\nstreamlit-card==1.0.2\nstreamlit-embedcode==0.1.2\nstreamlit-extras==0.7.1\nstreamlit-faker==0.0.3\nstreamlit-image-coordinates==0.2.2\nstreamlit-keyup==0.3.0\nstreamlit-option-menu==0.4.0\nstreamlit-toggle-switch==1.0.2\nstreamlit-vertical-slider==2.5.5\nsympy==1.14.0\ntenacity==9.1.2\ntensorboard==2.19.0\ntensorboard-data-server==0.7.2\nterminado==0.18.1\nthreadpoolctl==3.6.0\ntinycss2==1.4.0\ntokenizers==0.21.1\ntoml==0.10.2\ntomlkit==0.13.3\ntorch==2.7.1\ntornado==6.5.1\ntqdm==4.67.1\ntraitlets==5.14.3\ntransformers==4.52.4\ntrl==0.19.0\ntypes-python-dateutil==2.9.0.20250516\ntyping-inspection==0.4.1\ntyping_extensions==4.14.0\ntzdata==2025.2\ntzlocal==5.3.1\nuri-template==1.3.0\nurllib3==2.4.0\nuv==0.7.11\nuvicorn==0.35.0\nvalidators==0.35.0\nwandb==0.20.1\nwatchdog==6.0.0\nwcwidth==0.2.13\nwebcolors==24.11.1\nwebencodings==0.5.1\nwebsocket-client==1.8.0\nWerkzeug==3.1.3\nwheel==0.45.1\nwidgetsnbextension==4.0.14\nwsproto==1.2.0\nxxhash==3.5.0\nyarl==1.20.0\n"", ""run_env_vars"": {}}"
ci_sft_training_20250629_124413,2025-06-29T17:44:30.144265+00:00,0,final_loss,0.9388328224420548,
ci_sft_training_20250629_124413,2025-06-29T17:44:30.144265+00:00,0,training_duration,6.844194173812866,
ci_sft_training_20250629_124413,2025-06-29T17:44:30.144265+00:00,0,max_steps,5,
ci_sft_training_20250629_124413,2025-06-29T17:44:30.144265+00:00,0,dataset_size,100,
ci_sft_training_20250629_124413,2025-06-29T17:44:30.144265+00:00,0,status,completed,
ci_evaluation_20250629_124432,2025-06-29T17:44:32.271426+00:00,-1,run_init,"{""checkpoint_path"": ""/var/folders/9x/58m08f710ln5mxfj6_41qtfh0000gn/T/tmpfdp_fn6j/checkpoint"", ""output_json"": ""/var/folders/9x/58m08f710ln5mxfj6_41qtfh0000gn/T/tmpfdp_fn6j/results.json"", ""quick_mode"": true, ""num_samples"": 10}","{""git_sha"": ""e4c89a62b5193e9f06dd06362739a33955146fd2"", ""pip_freeze"": ""absl-py==2.3.0\naccelerate==1.7.0\naiohappyeyeballs==2.6.1\naiohttp==3.12.9\naiosignal==1.3.2\nalembic==1.16.2\naltair==5.5.0\nannotated-types==0.7.0\nanyio==4.9.0\nappnope==0.1.4\nargon2-cffi==25.1.0\nargon2-cffi-bindings==21.2.0\narrow==1.3.0\nasn1crypto==1.5.1\nasttokens==3.0.0\nasync-lru==2.0.5\nattrs==25.3.0\nbabel==2.17.0\nbcrypt==4.3.0\nbeautifulsoup4==4.13.4\nbitsandbytes==0.42.0\nbleach==6.2.0\nblinker==1.9.0\nboto3==1.38.32\nbotocore==1.38.32\ncachetools==5.5.2\ncertifi==2025.4.26\ncffi==1.17.1\ncharset-normalizer==3.4.2\nclick==8.2.1\ncloudpickle==3.0.0\ncomm==0.2.2\ncontourpy==1.3.2\ncoverage==7.9.1\ncryptography==45.0.3\ncycler==0.12.1\ndatasets==3.6.0\ndebugpy==1.8.14\ndecorator==5.2.1\ndefusedxml==0.7.1\ndill==0.3.8\ndiskcache==5.6.3\nentrypoints==0.4\nexecuting==2.2.0\nFaker==37.3.0\nfastapi==0.115.14\nfastjsonschema==2.21.1\nfavicon==0.7.0\nfilelock==3.18.0\nfonttools==4.58.2\nfqdn==1.5.1\nfrozenlist==1.6.2\nfsspec==2025.3.0\ngitdb==4.0.12\nGitPython==3.1.44\ngrpcio==1.73.0\nh11==0.16.0\nhf-xet==1.1.3\nhtbuilder==0.9.0\nhttpcore==1.0.9\nhttpx==0.28.1\nhttpx-ws==0.7.2\nhuggingface-hub==0.33.0\nidna==3.10\niniconfig==2.1.0\nipykernel==6.29.5\nipython==9.3.0\nipython_pygments_lexers==1.1.1\nipywidgets==8.1.7\nisoduration==20.11.0\njedi==0.19.2\nJinja2==3.1.6\njmespath==1.0.1\njoblib==1.5.1\njson5==0.12.0\njsonpointer==3.0.0\njsonschema==4.24.0\njsonschema-specifications==2025.4.1\njupyter==1.1.1\njupyter-console==6.6.3\njupyter-events==0.12.0\njupyter-lsp==2.2.5\njupyter_client==8.6.3\njupyter_core==5.8.1\njupyter_server==2.16.0\njupyter_server_terminals==0.5.3\njupyterlab==4.4.3\njupyterlab_pygments==0.3.0\njupyterlab_server==2.27.3\njupyterlab_widgets==3.0.15\nkiwisolver==1.4.8\nllama_cpp_python==0.3.9\nlmstudio==1.3.1\nlxml==5.4.0\nMako==1.3.10\nMarkdown==3.8\nmarkdownlit==0.0.7\nMarkupSafe==3.0.2\nmatplotlib==3.10.3\nmatplotlib-inline==0.1.7\nmistune==3.1.3\nmpmath==1.3.0\nmsgspec==0.19.0\nmultidict==6.4.4\nmultiprocess==0.70.16\nnarwhals==1.41.1\nnbclient==0.10.2\nnbconvert==7.16.6\nnbformat==5.10.4\nnest-asyncio==1.6.0\nnetworkx==3.5\nnltk==3.9.1\nnotebook==7.4.3\nnotebook_shim==0.2.4\nnumpy==2.3.0\norjson==3.10.18\noverrides==7.7.0\npackaging==24.2\npandas==2.3.0\npandocfilters==1.5.1\nparso==0.8.4\npeft @ git+https://github.com/huggingface/peft.git@759bb70acea8486b3a493792a5b6ba80b5217fb4\npexpect==4.9.0\npillow==11.2.1\nplatformdirs==4.3.8\nplotly==6.1.2\npluggy==1.6.0\nprometheus_client==0.22.1\nprompt_toolkit==3.0.51\npropcache==0.3.1\nprotobuf==5.29.5\npsutil==7.0.0\nptyprocess==0.7.0\npure_eval==0.2.3\npyarrow==18.1.0\npycparser==2.22\npydantic==2.11.7\npydantic_core==2.33.2\npydeck==0.9.1\nPygments==2.19.1\nPyJWT==2.10.1\npymdown-extensions==10.15\npyOpenSSL==25.1.0\npyparsing==3.2.3\npytest==8.4.1\npytest-asyncio==1.0.0\npytest-cov==6.2.1\npython-dateutil==2.9.0.post0\npython-dotenv==1.1.0\npython-json-logger==3.3.0\npytz==2025.2\nPyYAML==6.0.2\npyzmq==26.4.0\nreferencing==0.36.2\nregex==2024.11.6\nrequests==2.32.4\nrfc3339-validator==0.1.4\nrfc3986-validator==0.1.1\nrpds-py==0.25.1\nruff==0.12.0\ns3transfer==0.13.0\nsafetensors==0.5.3\nscikit-learn==1.7.0\nscipy==1.15.3\nseaborn==0.13.2\nSend2Trash==1.8.3\nsentence-transformers==4.1.0\nsentencepiece==0.2.0\nsentry-sdk==2.30.0\nsetproctitle==1.3.6\nsetuptools==80.9.0\nsix==1.17.0\nsmmap==5.0.2\nsniffio==1.3.1\nsnowflake-connector-python==3.15.0\nsnowflake-snowpark-python==1.32.0\nsortedcontainers==2.4.0\nsoupsieve==2.7\nSQLAlchemy==2.0.41\nst-annotated-text==4.0.2\nst-theme==1.2.3\nstack-data==0.6.3\nstarlette==0.46.2\nstreamlit==1.45.1\nstreamlit-avatar==0.1.3\nstreamlit-camera-input-live==0.2.0\nstreamlit-card==1.0.2\nstreamlit-embedcode==0.1.2\nstreamlit-extras==0.7.1\nstreamlit-faker==0.0.3\nstreamlit-image-coordinates==0.2.2\nstreamlit-keyup==0.3.0\nstreamlit-option-menu==0.4.0\nstreamlit-toggle-switch==1.0.2\nstreamlit-vertical-slider==2.5.5\nsympy==1.14.0\ntenacity==9.1.2\ntensorboard==2.19.0\ntensorboard-data-server==0.7.2\nterminado==0.18.1\nthreadpoolctl==3.6.0\ntinycss2==1.4.0\ntokenizers==0.21.1\ntoml==0.10.2\ntomlkit==0.13.3\ntorch==2.7.1\ntornado==6.5.1\ntqdm==4.67.1\ntraitlets==5.14.3\ntransformers==4.52.4\ntrl==0.19.0\ntypes-python-dateutil==2.9.0.20250516\ntyping-inspection==0.4.1\ntyping_extensions==4.14.0\ntzdata==2025.2\ntzlocal==5.3.1\nuri-template==1.3.0\nurllib3==2.4.0\nuv==0.7.11\nuvicorn==0.35.0\nvalidators==0.35.0\nwandb==0.20.1\nwatchdog==6.0.0\nwcwidth==0.2.13\nwebcolors==24.11.1\nwebencodings==0.5.1\nwebsocket-client==1.8.0\nWerkzeug==3.1.3\nwheel==0.45.1\nwidgetsnbextension==4.0.14\nwsproto==1.2.0\nxxhash==3.5.0\nyarl==1.20.0\n"", ""run_env_vars"": {}}"
ci_evaluation_20250629_124432,2025-06-29T17:44:32.272232+00:00,0,json_correctness,1.0,
ci_evaluation_20250629_124432,2025-06-29T17:44:32.272232+00:00,0,personality_alignment,0.5,
ci_evaluation_20250629_124432,2025-06-29T17:44:32.272232+00:00,0,evaluation_duration,0.0003390312194824219,
ci_evaluation_20250629_124432,2025-06-29T17:44:32.272232+00:00,0,status,completed,
ci_sft_training_20250629_194630,2025-06-30T00:46:30.309967+00:00,-1,run_init,"{""model_name"": ""HuggingFaceTB/SmolLM2-135M-Instruct"", ""learning_rate"": 0.0002, ""batch_size"": 1, ""max_steps"": 5, ""output_dir"": ""/var/folders/9x/58m08f710ln5mxfj6_41qtfh0000gn/T/tmpzjt3y_dt"", ""quick_mode"": true, ""dataset_size"": 100}","{""git_sha"": ""1b5d7d4f1dade54656c358aae01590df936a1f23"", ""pip_freeze"": ""absl-py==2.3.0\naccelerate==1.7.0\naiohappyeyeballs==2.6.1\naiohttp==3.12.9\naiosignal==1.3.2\nalembic==1.16.2\naltair==5.5.0\nannotated-types==0.7.0\nanyio==4.9.0\nappnope==0.1.4\nargon2-cffi==25.1.0\nargon2-cffi-bindings==21.2.0\narrow==1.3.0\nasn1crypto==1.5.1\nasttokens==3.0.0\nasync-lru==2.0.5\nattrs==25.3.0\nbabel==2.17.0\nbcrypt==4.3.0\nbeautifulsoup4==4.13.4\nbitsandbytes==0.42.0\nbleach==6.2.0\nblinker==1.9.0\nboto3==1.38.32\nbotocore==1.38.32\ncachetools==5.5.2\ncertifi==2025.4.26\ncffi==1.17.1\ncharset-normalizer==3.4.2\nclick==8.2.1\ncloudpickle==3.0.0\ncomm==0.2.2\ncontourpy==1.3.2\ncoverage==7.9.1\ncryptography==45.0.3\ncycler==0.12.1\ndatasets==3.6.0\ndebugpy==1.8.14\ndecorator==5.2.1\ndefusedxml==0.7.1\ndill==0.3.8\ndiskcache==5.6.3\nentrypoints==0.4\nexecuting==2.2.0\nFaker==37.3.0\nfastapi==0.115.14\nfastjsonschema==2.21.1\nfavicon==0.7.0\nfilelock==3.18.0\nfonttools==4.58.2\nfqdn==1.5.1\nfrozenlist==1.6.2\nfsspec==2025.3.0\ngitdb==4.0.12\nGitPython==3.1.44\ngrpcio==1.73.0\nh11==0.16.0\nhf-xet==1.1.3\nhtbuilder==0.9.0\nhttpcore==1.0.9\nhttpx==0.28.1\nhttpx-ws==0.7.2\nhuggingface-hub==0.33.0\nidna==3.10\niniconfig==2.1.0\nipykernel==6.29.5\nipython==9.3.0\nipython_pygments_lexers==1.1.1\nipywidgets==8.1.7\nisoduration==20.11.0\njedi==0.19.2\nJinja2==3.1.6\njmespath==1.0.1\njoblib==1.5.1\njson5==0.12.0\njsonpointer==3.0.0\njsonschema==4.24.0\njsonschema-specifications==2025.4.1\njupyter==1.1.1\njupyter-console==6.6.3\njupyter-events==0.12.0\njupyter-lsp==2.2.5\njupyter_client==8.6.3\njupyter_core==5.8.1\njupyter_server==2.16.0\njupyter_server_terminals==0.5.3\njupyterlab==4.4.3\njupyterlab_pygments==0.3.0\njupyterlab_server==2.27.3\njupyterlab_widgets==3.0.15\nkiwisolver==1.4.8\nllama_cpp_python==0.3.9\nlmstudio==1.3.1\nlxml==5.4.0\nMako==1.3.10\nMarkdown==3.8\nmarkdownlit==0.0.7\nMarkupSafe==3.0.2\nmatplotlib==3.10.3\nmatplotlib-inline==0.1.7\nmistune==3.1.3\nmpmath==1.3.0\nmsgspec==0.19.0\nmultidict==6.4.4\nmultiprocess==0.70.16\nnarwhals==1.41.1\nnbclient==0.10.2\nnbconvert==7.16.6\nnbformat==5.10.4\nnest-asyncio==1.6.0\nnetworkx==3.5\nnltk==3.9.1\nnotebook==7.4.3\nnotebook_shim==0.2.4\nnumpy==2.3.0\norjson==3.10.18\noverrides==7.7.0\npackaging==24.2\npandas==2.3.0\npandocfilters==1.5.1\nparso==0.8.4\npeft @ git+https://github.com/huggingface/peft.git@759bb70acea8486b3a493792a5b6ba80b5217fb4\npexpect==4.9.0\npillow==11.2.1\nplatformdirs==4.3.8\nplotly==6.1.2\npluggy==1.6.0\nprometheus_client==0.22.1\nprompt_toolkit==3.0.51\npropcache==0.3.1\nprotobuf==5.29.5\npsutil==7.0.0\nptyprocess==0.7.0\npure_eval==0.2.3\npyarrow==18.1.0\npycparser==2.22\npydantic==2.11.7\npydantic_core==2.33.2\npydeck==0.9.1\nPygments==2.19.1\nPyJWT==2.10.1\npymdown-extensions==10.15\npyOpenSSL==25.1.0\npyparsing==3.2.3\npytest==8.4.1\npytest-asyncio==1.0.0\npytest-cov==6.2.1\npython-dateutil==2.9.0.post0\npython-dotenv==1.1.0\npython-json-logger==3.3.0\npytz==2025.2\nPyYAML==6.0.2\npyzmq==26.4.0\nreferencing==0.36.2\nregex==2024.11.6\nrequests==2.32.4\nrfc3339-validator==0.1.4\nrfc3986-validator==0.1.1\nrpds-py==0.25.1\nruff==0.12.0\ns3transfer==0.13.0\nsafetensors==0.5.3\nscikit-learn==1.7.0\nscipy==1.15.3\nseaborn==0.13.2\nSend2Trash==1.8.3\nsentence-transformers==4.1.0\nsentencepiece==0.2.0\nsentry-sdk==2.30.0\nsetproctitle==1.3.6\nsetuptools==80.9.0\nsix==1.17.0\nsmmap==5.0.2\nsniffio==1.3.1\nsnowflake-connector-python==3.15.0\nsnowflake-snowpark-python==1.32.0\nsortedcontainers==2.4.0\nsoupsieve==2.7\nSQLAlchemy==2.0.41\nst-annotated-text==4.0.2\nst-theme==1.2.3\nstack-data==0.6.3\nstarlette==0.46.2\nstreamlit==1.45.1\nstreamlit-avatar==0.1.3\nstreamlit-camera-input-live==0.2.0\nstreamlit-card==1.0.2\nstreamlit-embedcode==0.1.2\nstreamlit-extras==0.7.1\nstreamlit-faker==0.0.3\nstreamlit-image-coordinates==0.2.2\nstreamlit-keyup==0.3.0\nstreamlit-option-menu==0.4.0\nstreamlit-toggle-switch==1.0.2\nstreamlit-vertical-slider==2.5.5\nsympy==1.14.0\ntenacity==9.1.2\ntensorboard==2.19.0\ntensorboard-data-server==0.7.2\nterminado==0.18.1\nthreadpoolctl==3.6.0\ntinycss2==1.4.0\ntokenizers==0.21.1\ntoml==0.10.2\ntomlkit==0.13.3\ntorch==2.7.1\ntornado==6.5.1\ntqdm==4.67.1\ntraitlets==5.14.3\ntransformers==4.52.4\ntrl==0.19.0\ntypes-python-dateutil==2.9.0.20250516\ntyping-inspection==0.4.1\ntyping_extensions==4.14.0\ntzdata==2025.2\ntzlocal==5.3.1\nuri-template==1.3.0\nurllib3==2.4.0\nuv==0.7.11\nuvicorn==0.35.0\nvalidators==0.35.0\nwandb==0.20.1\nwatchdog==6.0.0\nwcwidth==0.2.13\nwebcolors==24.11.1\nwebencodings==0.5.1\nwebsocket-client==1.8.0\nWerkzeug==3.1.3\nwheel==0.45.1\nwidgetsnbextension==4.0.14\nwsproto==1.2.0\nxxhash==3.5.0\nyarl==1.20.0\n"", ""run_env_vars"": {}}"
ci_sft_training_20250629_194630,2025-06-30T00:46:42.247151+00:00,0,final_loss,0.9388328224420548,
ci_sft_training_20250629_194630,2025-06-30T00:46:42.247151+00:00,0,training_duration,5.83539891242981,
ci_sft_training_20250629_194630,2025-06-30T00:46:42.247151+00:00,0,max_steps,5,
ci_sft_training_20250629_194630,2025-06-30T00:46:42.247151+00:00,0,dataset_size,100,
ci_sft_training_20250629_194630,2025-06-30T00:46:42.247151+00:00,0,status,completed,
ci_sft_training_20250629_194644,2025-06-30T00:46:44.137204+00:00,-1,run_init,"{""model_name"": ""HuggingFaceTB/SmolLM2-135M-Instruct"", ""learning_rate"": 0.0002, ""batch_size"": 1, ""max_steps"": 10, ""output_dir"": ""/var/folders/9x/58m08f710ln5mxfj6_41qtfh0000gn/T/tmpkrmxrq_m/ci_output"", ""quick_mode"": true, ""dataset_size"": 100}","{""git_sha"": ""1b5d7d4f1dade54656c358aae01590df936a1f23"", ""pip_freeze"": ""absl-py==2.3.0\naccelerate==1.7.0\naiohappyeyeballs==2.6.1\naiohttp==3.12.9\naiosignal==1.3.2\nalembic==1.16.2\naltair==5.5.0\nannotated-types==0.7.0\nanyio==4.9.0\nappnope==0.1.4\nargon2-cffi==25.1.0\nargon2-cffi-bindings==21.2.0\narrow==1.3.0\nasn1crypto==1.5.1\nasttokens==3.0.0\nasync-lru==2.0.5\nattrs==25.3.0\nbabel==2.17.0\nbcrypt==4.3.0\nbeautifulsoup4==4.13.4\nbitsandbytes==0.42.0\nbleach==6.2.0\nblinker==1.9.0\nboto3==1.38.32\nbotocore==1.38.32\ncachetools==5.5.2\ncertifi==2025.4.26\ncffi==1.17.1\ncharset-normalizer==3.4.2\nclick==8.2.1\ncloudpickle==3.0.0\ncomm==0.2.2\ncontourpy==1.3.2\ncoverage==7.9.1\ncryptography==45.0.3\ncycler==0.12.1\ndatasets==3.6.0\ndebugpy==1.8.14\ndecorator==5.2.1\ndefusedxml==0.7.1\ndill==0.3.8\ndiskcache==5.6.3\nentrypoints==0.4\nexecuting==2.2.0\nFaker==37.3.0\nfastapi==0.115.14\nfastjsonschema==2.21.1\nfavicon==0.7.0\nfilelock==3.18.0\nfonttools==4.58.2\nfqdn==1.5.1\nfrozenlist==1.6.2\nfsspec==2025.3.0\ngitdb==4.0.12\nGitPython==3.1.44\ngrpcio==1.73.0\nh11==0.16.0\nhf-xet==1.1.3\nhtbuilder==0.9.0\nhttpcore==1.0.9\nhttpx==0.28.1\nhttpx-ws==0.7.2\nhuggingface-hub==0.33.0\nidna==3.10\niniconfig==2.1.0\nipykernel==6.29.5\nipython==9.3.0\nipython_pygments_lexers==1.1.1\nipywidgets==8.1.7\nisoduration==20.11.0\njedi==0.19.2\nJinja2==3.1.6\njmespath==1.0.1\njoblib==1.5.1\njson5==0.12.0\njsonpointer==3.0.0\njsonschema==4.24.0\njsonschema-specifications==2025.4.1\njupyter==1.1.1\njupyter-console==6.6.3\njupyter-events==0.12.0\njupyter-lsp==2.2.5\njupyter_client==8.6.3\njupyter_core==5.8.1\njupyter_server==2.16.0\njupyter_server_terminals==0.5.3\njupyterlab==4.4.3\njupyterlab_pygments==0.3.0\njupyterlab_server==2.27.3\njupyterlab_widgets==3.0.15\nkiwisolver==1.4.8\nllama_cpp_python==0.3.9\nlmstudio==1.3.1\nlxml==5.4.0\nMako==1.3.10\nMarkdown==3.8\nmarkdownlit==0.0.7\nMarkupSafe==3.0.2\nmatplotlib==3.10.3\nmatplotlib-inline==0.1.7\nmistune==3.1.3\nmpmath==1.3.0\nmsgspec==0.19.0\nmultidict==6.4.4\nmultiprocess==0.70.16\nnarwhals==1.41.1\nnbclient==0.10.2\nnbconvert==7.16.6\nnbformat==5.10.4\nnest-asyncio==1.6.0\nnetworkx==3.5\nnltk==3.9.1\nnotebook==7.4.3\nnotebook_shim==0.2.4\nnumpy==2.3.0\norjson==3.10.18\noverrides==7.7.0\npackaging==24.2\npandas==2.3.0\npandocfilters==1.5.1\nparso==0.8.4\npeft @ git+https://github.com/huggingface/peft.git@759bb70acea8486b3a493792a5b6ba80b5217fb4\npexpect==4.9.0\npillow==11.2.1\nplatformdirs==4.3.8\nplotly==6.1.2\npluggy==1.6.0\nprometheus_client==0.22.1\nprompt_toolkit==3.0.51\npropcache==0.3.1\nprotobuf==5.29.5\npsutil==7.0.0\nptyprocess==0.7.0\npure_eval==0.2.3\npyarrow==18.1.0\npycparser==2.22\npydantic==2.11.7\npydantic_core==2.33.2\npydeck==0.9.1\nPygments==2.19.1\nPyJWT==2.10.1\npymdown-extensions==10.15\npyOpenSSL==25.1.0\npyparsing==3.2.3\npytest==8.4.1\npytest-asyncio==1.0.0\npytest-cov==6.2.1\npython-dateutil==2.9.0.post0\npython-dotenv==1.1.0\npython-json-logger==3.3.0\npytz==2025.2\nPyYAML==6.0.2\npyzmq==26.4.0\nreferencing==0.36.2\nregex==2024.11.6\nrequests==2.32.4\nrfc3339-validator==0.1.4\nrfc3986-validator==0.1.1\nrpds-py==0.25.1\nruff==0.12.0\ns3transfer==0.13.0\nsafetensors==0.5.3\nscikit-learn==1.7.0\nscipy==1.15.3\nseaborn==0.13.2\nSend2Trash==1.8.3\nsentence-transformers==4.1.0\nsentencepiece==0.2.0\nsentry-sdk==2.30.0\nsetproctitle==1.3.6\nsetuptools==80.9.0\nsix==1.17.0\nsmmap==5.0.2\nsniffio==1.3.1\nsnowflake-connector-python==3.15.0\nsnowflake-snowpark-python==1.32.0\nsortedcontainers==2.4.0\nsoupsieve==2.7\nSQLAlchemy==2.0.41\nst-annotated-text==4.0.2\nst-theme==1.2.3\nstack-data==0.6.3\nstarlette==0.46.2\nstreamlit==1.45.1\nstreamlit-avatar==0.1.3\nstreamlit-camera-input-live==0.2.0\nstreamlit-card==1.0.2\nstreamlit-embedcode==0.1.2\nstreamlit-extras==0.7.1\nstreamlit-faker==0.0.3\nstreamlit-image-coordinates==0.2.2\nstreamlit-keyup==0.3.0\nstreamlit-option-menu==0.4.0\nstreamlit-toggle-switch==1.0.2\nstreamlit-vertical-slider==2.5.5\nsympy==1.14.0\ntenacity==9.1.2\ntensorboard==2.19.0\ntensorboard-data-server==0.7.2\nterminado==0.18.1\nthreadpoolctl==3.6.0\ntinycss2==1.4.0\ntokenizers==0.21.1\ntoml==0.10.2\ntomlkit==0.13.3\ntorch==2.7.1\ntornado==6.5.1\ntqdm==4.67.1\ntraitlets==5.14.3\ntransformers==4.52.4\ntrl==0.19.0\ntypes-python-dateutil==2.9.0.20250516\ntyping-inspection==0.4.1\ntyping_extensions==4.14.0\ntzdata==2025.2\ntzlocal==5.3.1\nuri-template==1.3.0\nurllib3==2.4.0\nuv==0.7.11\nuvicorn==0.35.0\nvalidators==0.35.0\nwandb==0.20.1\nwatchdog==6.0.0\nwcwidth==0.2.13\nwebcolors==24.11.1\nwebencodings==0.5.1\nwebsocket-client==1.8.0\nWerkzeug==3.1.3\nwheel==0.45.1\nwidgetsnbextension==4.0.14\nwsproto==1.2.0\nxxhash==3.5.0\nyarl==1.20.0\n"", ""run_env_vars"": {}}"
ci_sft_training_20250629_194644,2025-06-30T00:46:56.517636+00:00,0,final_loss,0.5486014634370804,
ci_sft_training_20250629_194644,2025-06-30T00:46:56.517636+00:00,0,training_duration,6.689593076705933,
ci_sft_training_20250629_194644,2025-06-30T00:46:56.517636+00:00,0,max_steps,10,
ci_sft_training_20250629_194644,2025-06-30T00:46:56.517636+00:00,0,dataset_size,100,
ci_sft_training_20250629_194644,2025-06-30T00:46:56.517636+00:00,0,status,completed,
ci_sft_training_20250629_194658,2025-06-30T00:46:58.368061+00:00,-1,run_init,"{""model_name"": ""HuggingFaceTB/SmolLM2-135M-Instruct"", ""learning_rate"": 0.0002, ""batch_size"": 1, ""max_steps"": 3, ""output_dir"": ""/var/folders/9x/58m08f710ln5mxfj6_41qtfh0000gn/T/tmp4lguvszk"", ""quick_mode"": true, ""dataset_size"": 100}","{""git_sha"": ""1b5d7d4f1dade54656c358aae01590df936a1f23"", ""pip_freeze"": ""absl-py==2.3.0\naccelerate==1.7.0\naiohappyeyeballs==2.6.1\naiohttp==3.12.9\naiosignal==1.3.2\nalembic==1.16.2\naltair==5.5.0\nannotated-types==0.7.0\nanyio==4.9.0\nappnope==0.1.4\nargon2-cffi==25.1.0\nargon2-cffi-bindings==21.2.0\narrow==1.3.0\nasn1crypto==1.5.1\nasttokens==3.0.0\nasync-lru==2.0.5\nattrs==25.3.0\nbabel==2.17.0\nbcrypt==4.3.0\nbeautifulsoup4==4.13.4\nbitsandbytes==0.42.0\nbleach==6.2.0\nblinker==1.9.0\nboto3==1.38.32\nbotocore==1.38.32\ncachetools==5.5.2\ncertifi==2025.4.26\ncffi==1.17.1\ncharset-normalizer==3.4.2\nclick==8.2.1\ncloudpickle==3.0.0\ncomm==0.2.2\ncontourpy==1.3.2\ncoverage==7.9.1\ncryptography==45.0.3\ncycler==0.12.1\ndatasets==3.6.0\ndebugpy==1.8.14\ndecorator==5.2.1\ndefusedxml==0.7.1\ndill==0.3.8\ndiskcache==5.6.3\nentrypoints==0.4\nexecuting==2.2.0\nFaker==37.3.0\nfastapi==0.115.14\nfastjsonschema==2.21.1\nfavicon==0.7.0\nfilelock==3.18.0\nfonttools==4.58.2\nfqdn==1.5.1\nfrozenlist==1.6.2\nfsspec==2025.3.0\ngitdb==4.0.12\nGitPython==3.1.44\ngrpcio==1.73.0\nh11==0.16.0\nhf-xet==1.1.3\nhtbuilder==0.9.0\nhttpcore==1.0.9\nhttpx==0.28.1\nhttpx-ws==0.7.2\nhuggingface-hub==0.33.0\nidna==3.10\niniconfig==2.1.0\nipykernel==6.29.5\nipython==9.3.0\nipython_pygments_lexers==1.1.1\nipywidgets==8.1.7\nisoduration==20.11.0\njedi==0.19.2\nJinja2==3.1.6\njmespath==1.0.1\njoblib==1.5.1\njson5==0.12.0\njsonpointer==3.0.0\njsonschema==4.24.0\njsonschema-specifications==2025.4.1\njupyter==1.1.1\njupyter-console==6.6.3\njupyter-events==0.12.0\njupyter-lsp==2.2.5\njupyter_client==8.6.3\njupyter_core==5.8.1\njupyter_server==2.16.0\njupyter_server_terminals==0.5.3\njupyterlab==4.4.3\njupyterlab_pygments==0.3.0\njupyterlab_server==2.27.3\njupyterlab_widgets==3.0.15\nkiwisolver==1.4.8\nllama_cpp_python==0.3.9\nlmstudio==1.3.1\nlxml==5.4.0\nMako==1.3.10\nMarkdown==3.8\nmarkdownlit==0.0.7\nMarkupSafe==3.0.2\nmatplotlib==3.10.3\nmatplotlib-inline==0.1.7\nmistune==3.1.3\nmpmath==1.3.0\nmsgspec==0.19.0\nmultidict==6.4.4\nmultiprocess==0.70.16\nnarwhals==1.41.1\nnbclient==0.10.2\nnbconvert==7.16.6\nnbformat==5.10.4\nnest-asyncio==1.6.0\nnetworkx==3.5\nnltk==3.9.1\nnotebook==7.4.3\nnotebook_shim==0.2.4\nnumpy==2.3.0\norjson==3.10.18\noverrides==7.7.0\npackaging==24.2\npandas==2.3.0\npandocfilters==1.5.1\nparso==0.8.4\npeft @ git+https://github.com/huggingface/peft.git@759bb70acea8486b3a493792a5b6ba80b5217fb4\npexpect==4.9.0\npillow==11.2.1\nplatformdirs==4.3.8\nplotly==6.1.2\npluggy==1.6.0\nprometheus_client==0.22.1\nprompt_toolkit==3.0.51\npropcache==0.3.1\nprotobuf==5.29.5\npsutil==7.0.0\nptyprocess==0.7.0\npure_eval==0.2.3\npyarrow==18.1.0\npycparser==2.22\npydantic==2.11.7\npydantic_core==2.33.2\npydeck==0.9.1\nPygments==2.19.1\nPyJWT==2.10.1\npymdown-extensions==10.15\npyOpenSSL==25.1.0\npyparsing==3.2.3\npytest==8.4.1\npytest-asyncio==1.0.0\npytest-cov==6.2.1\npython-dateutil==2.9.0.post0\npython-dotenv==1.1.0\npython-json-logger==3.3.0\npytz==2025.2\nPyYAML==6.0.2\npyzmq==26.4.0\nreferencing==0.36.2\nregex==2024.11.6\nrequests==2.32.4\nrfc3339-validator==0.1.4\nrfc3986-validator==0.1.1\nrpds-py==0.25.1\nruff==0.12.0\ns3transfer==0.13.0\nsafetensors==0.5.3\nscikit-learn==1.7.0\nscipy==1.15.3\nseaborn==0.13.2\nSend2Trash==1.8.3\nsentence-transformers==4.1.0\nsentencepiece==0.2.0\nsentry-sdk==2.30.0\nsetproctitle==1.3.6\nsetuptools==80.9.0\nsix==1.17.0\nsmmap==5.0.2\nsniffio==1.3.1\nsnowflake-connector-python==3.15.0\nsnowflake-snowpark-python==1.32.0\nsortedcontainers==2.4.0\nsoupsieve==2.7\nSQLAlchemy==2.0.41\nst-annotated-text==4.0.2\nst-theme==1.2.3\nstack-data==0.6.3\nstarlette==0.46.2\nstreamlit==1.45.1\nstreamlit-avatar==0.1.3\nstreamlit-camera-input-live==0.2.0\nstreamlit-card==1.0.2\nstreamlit-embedcode==0.1.2\nstreamlit-extras==0.7.1\nstreamlit-faker==0.0.3\nstreamlit-image-coordinates==0.2.2\nstreamlit-keyup==0.3.0\nstreamlit-option-menu==0.4.0\nstreamlit-toggle-switch==1.0.2\nstreamlit-vertical-slider==2.5.5\nsympy==1.14.0\ntenacity==9.1.2\ntensorboard==2.19.0\ntensorboard-data-server==0.7.2\nterminado==0.18.1\nthreadpoolctl==3.6.0\ntinycss2==1.4.0\ntokenizers==0.21.1\ntoml==0.10.2\ntomlkit==0.13.3\ntorch==2.7.1\ntornado==6.5.1\ntqdm==4.67.1\ntraitlets==5.14.3\ntransformers==4.52.4\ntrl==0.19.0\ntypes-python-dateutil==2.9.0.20250516\ntyping-inspection==0.4.1\ntyping_extensions==4.14.0\ntzdata==2025.2\ntzlocal==5.3.1\nuri-template==1.3.0\nurllib3==2.4.0\nuv==0.7.11\nuvicorn==0.35.0\nvalidators==0.35.0\nwandb==0.20.1\nwatchdog==6.0.0\nwcwidth==0.2.13\nwebcolors==24.11.1\nwebencodings==0.5.1\nwebsocket-client==1.8.0\nWerkzeug==3.1.3\nwheel==0.45.1\nwidgetsnbextension==4.0.14\nwsproto==1.2.0\nxxhash==3.5.0\nyarl==1.20.0\n"", ""run_env_vars"": {}}"
ci_sft_training_20250629_194658,2025-06-30T00:47:07.838361+00:00,0,final_loss,1.426733483870824,
ci_sft_training_20250629_194658,2025-06-30T00:47:07.838361+00:00,0,training_duration,4.043706893920898,
ci_sft_training_20250629_194658,2025-06-30T00:47:07.838361+00:00,0,max_steps,3,
ci_sft_training_20250629_194658,2025-06-30T00:47:07.838361+00:00,0,dataset_size,100,
ci_sft_training_20250629_194658,2025-06-30T00:47:07.838361+00:00,0,status,completed,
ci_sft_training_20250629_194709,2025-06-30T00:47:09.722230+00:00,-1,run_init,"{""model_name"": ""HuggingFaceTB/SmolLM2-135M-Instruct"", ""learning_rate"": 0.0002, ""batch_size"": 1, ""max_steps"": 1, ""output_dir"": ""/var/folders/9x/58m08f710ln5mxfj6_41qtfh0000gn/T/tmpuit4c65m"", ""quick_mode"": true, ""dataset_size"": 100}","{""git_sha"": ""1b5d7d4f1dade54656c358aae01590df936a1f23"", ""pip_freeze"": ""absl-py==2.3.0\naccelerate==1.7.0\naiohappyeyeballs==2.6.1\naiohttp==3.12.9\naiosignal==1.3.2\nalembic==1.16.2\naltair==5.5.0\nannotated-types==0.7.0\nanyio==4.9.0\nappnope==0.1.4\nargon2-cffi==25.1.0\nargon2-cffi-bindings==21.2.0\narrow==1.3.0\nasn1crypto==1.5.1\nasttokens==3.0.0\nasync-lru==2.0.5\nattrs==25.3.0\nbabel==2.17.0\nbcrypt==4.3.0\nbeautifulsoup4==4.13.4\nbitsandbytes==0.42.0\nbleach==6.2.0\nblinker==1.9.0\nboto3==1.38.32\nbotocore==1.38.32\ncachetools==5.5.2\ncertifi==2025.4.26\ncffi==1.17.1\ncharset-normalizer==3.4.2\nclick==8.2.1\ncloudpickle==3.0.0\ncomm==0.2.2\ncontourpy==1.3.2\ncoverage==7.9.1\ncryptography==45.0.3\ncycler==0.12.1\ndatasets==3.6.0\ndebugpy==1.8.14\ndecorator==5.2.1\ndefusedxml==0.7.1\ndill==0.3.8\ndiskcache==5.6.3\nentrypoints==0.4\nexecuting==2.2.0\nFaker==37.3.0\nfastapi==0.115.14\nfastjsonschema==2.21.1\nfavicon==0.7.0\nfilelock==3.18.0\nfonttools==4.58.2\nfqdn==1.5.1\nfrozenlist==1.6.2\nfsspec==2025.3.0\ngitdb==4.0.12\nGitPython==3.1.44\ngrpcio==1.73.0\nh11==0.16.0\nhf-xet==1.1.3\nhtbuilder==0.9.0\nhttpcore==1.0.9\nhttpx==0.28.1\nhttpx-ws==0.7.2\nhuggingface-hub==0.33.0\nidna==3.10\niniconfig==2.1.0\nipykernel==6.29.5\nipython==9.3.0\nipython_pygments_lexers==1.1.1\nipywidgets==8.1.7\nisoduration==20.11.0\njedi==0.19.2\nJinja2==3.1.6\njmespath==1.0.1\njoblib==1.5.1\njson5==0.12.0\njsonpointer==3.0.0\njsonschema==4.24.0\njsonschema-specifications==2025.4.1\njupyter==1.1.1\njupyter-console==6.6.3\njupyter-events==0.12.0\njupyter-lsp==2.2.5\njupyter_client==8.6.3\njupyter_core==5.8.1\njupyter_server==2.16.0\njupyter_server_terminals==0.5.3\njupyterlab==4.4.3\njupyterlab_pygments==0.3.0\njupyterlab_server==2.27.3\njupyterlab_widgets==3.0.15\nkiwisolver==1.4.8\nllama_cpp_python==0.3.9\nlmstudio==1.3.1\nlxml==5.4.0\nMako==1.3.10\nMarkdown==3.8\nmarkdownlit==0.0.7\nMarkupSafe==3.0.2\nmatplotlib==3.10.3\nmatplotlib-inline==0.1.7\nmistune==3.1.3\nmpmath==1.3.0\nmsgspec==0.19.0\nmultidict==6.4.4\nmultiprocess==0.70.16\nnarwhals==1.41.1\nnbclient==0.10.2\nnbconvert==7.16.6\nnbformat==5.10.4\nnest-asyncio==1.6.0\nnetworkx==3.5\nnltk==3.9.1\nnotebook==7.4.3\nnotebook_shim==0.2.4\nnumpy==2.3.0\norjson==3.10.18\noverrides==7.7.0\npackaging==24.2\npandas==2.3.0\npandocfilters==1.5.1\nparso==0.8.4\npeft @ git+https://github.com/huggingface/peft.git@759bb70acea8486b3a493792a5b6ba80b5217fb4\npexpect==4.9.0\npillow==11.2.1\nplatformdirs==4.3.8\nplotly==6.1.2\npluggy==1.6.0\nprometheus_client==0.22.1\nprompt_toolkit==3.0.51\npropcache==0.3.1\nprotobuf==5.29.5\npsutil==7.0.0\nptyprocess==0.7.0\npure_eval==0.2.3\npyarrow==18.1.0\npycparser==2.22\npydantic==2.11.7\npydantic_core==2.33.2\npydeck==0.9.1\nPygments==2.19.1\nPyJWT==2.10.1\npymdown-extensions==10.15\npyOpenSSL==25.1.0\npyparsing==3.2.3\npytest==8.4.1\npytest-asyncio==1.0.0\npytest-cov==6.2.1\npython-dateutil==2.9.0.post0\npython-dotenv==1.1.0\npython-json-logger==3.3.0\npytz==2025.2\nPyYAML==6.0.2\npyzmq==26.4.0\nreferencing==0.36.2\nregex==2024.11.6\nrequests==2.32.4\nrfc3339-validator==0.1.4\nrfc3986-validator==0.1.1\nrpds-py==0.25.1\nruff==0.12.0\ns3transfer==0.13.0\nsafetensors==0.5.3\nscikit-learn==1.7.0\nscipy==1.15.3\nseaborn==0.13.2\nSend2Trash==1.8.3\nsentence-transformers==4.1.0\nsentencepiece==0.2.0\nsentry-sdk==2.30.0\nsetproctitle==1.3.6\nsetuptools==80.9.0\nsix==1.17.0\nsmmap==5.0.2\nsniffio==1.3.1\nsnowflake-connector-python==3.15.0\nsnowflake-snowpark-python==1.32.0\nsortedcontainers==2.4.0\nsoupsieve==2.7\nSQLAlchemy==2.0.41\nst-annotated-text==4.0.2\nst-theme==1.2.3\nstack-data==0.6.3\nstarlette==0.46.2\nstreamlit==1.45.1\nstreamlit-avatar==0.1.3\nstreamlit-camera-input-live==0.2.0\nstreamlit-card==1.0.2\nstreamlit-embedcode==0.1.2\nstreamlit-extras==0.7.1\nstreamlit-faker==0.0.3\nstreamlit-image-coordinates==0.2.2\nstreamlit-keyup==0.3.0\nstreamlit-option-menu==0.4.0\nstreamlit-toggle-switch==1.0.2\nstreamlit-vertical-slider==2.5.5\nsympy==1.14.0\ntenacity==9.1.2\ntensorboard==2.19.0\ntensorboard-data-server==0.7.2\nterminado==0.18.1\nthreadpoolctl==3.6.0\ntinycss2==1.4.0\ntokenizers==0.21.1\ntoml==0.10.2\ntomlkit==0.13.3\ntorch==2.7.1\ntornado==6.5.1\ntqdm==4.67.1\ntraitlets==5.14.3\ntransformers==4.52.4\ntrl==0.19.0\ntypes-python-dateutil==2.9.0.20250516\ntyping-inspection==0.4.1\ntyping_extensions==4.14.0\ntzdata==2025.2\ntzlocal==5.3.1\nuri-template==1.3.0\nurllib3==2.4.0\nuv==0.7.11\nuvicorn==0.35.0\nvalidators==0.35.0\nwandb==0.20.1\nwatchdog==6.0.0\nwcwidth==0.2.13\nwebcolors==24.11.1\nwebencodings==0.5.1\nwebsocket-client==1.8.0\nWerkzeug==3.1.3\nwheel==0.45.1\nwidgetsnbextension==4.0.14\nwsproto==1.2.0\nxxhash==3.5.0\nyarl==1.20.0\n"", ""run_env_vars"": {}}"
ci_sft_training_20250629_194709,2025-06-30T00:47:18.322683+00:00,0,final_loss,2.735788106918335,
ci_sft_training_20250629_194709,2025-06-30T00:47:18.322683+00:00,0,training_duration,3.2264697551727295,
ci_sft_training_20250629_194709,2025-06-30T00:47:18.322683+00:00,0,max_steps,1,
ci_sft_training_20250629_194709,2025-06-30T00:47:18.322683+00:00,0,dataset_size,100,
ci_sft_training_20250629_194709,2025-06-30T00:47:18.322683+00:00,0,status,completed,
ci_sft_training_20250629_194720,2025-06-30T00:47:20.107543+00:00,-1,run_init,"{""model_name"": ""HuggingFaceTB/SmolLM2-135M-Instruct"", ""learning_rate"": 0.0002, ""batch_size"": 1, ""max_steps"": 1, ""output_dir"": ""/var/folders/9x/58m08f710ln5mxfj6_41qtfh0000gn/T/tmpc92ktmpc"", ""quick_mode"": true, ""dataset_size"": 3}","{""git_sha"": ""1b5d7d4f1dade54656c358aae01590df936a1f23"", ""pip_freeze"": ""absl-py==2.3.0\naccelerate==1.7.0\naiohappyeyeballs==2.6.1\naiohttp==3.12.9\naiosignal==1.3.2\nalembic==1.16.2\naltair==5.5.0\nannotated-types==0.7.0\nanyio==4.9.0\nappnope==0.1.4\nargon2-cffi==25.1.0\nargon2-cffi-bindings==21.2.0\narrow==1.3.0\nasn1crypto==1.5.1\nasttokens==3.0.0\nasync-lru==2.0.5\nattrs==25.3.0\nbabel==2.17.0\nbcrypt==4.3.0\nbeautifulsoup4==4.13.4\nbitsandbytes==0.42.0\nbleach==6.2.0\nblinker==1.9.0\nboto3==1.38.32\nbotocore==1.38.32\ncachetools==5.5.2\ncertifi==2025.4.26\ncffi==1.17.1\ncharset-normalizer==3.4.2\nclick==8.2.1\ncloudpickle==3.0.0\ncomm==0.2.2\ncontourpy==1.3.2\ncoverage==7.9.1\ncryptography==45.0.3\ncycler==0.12.1\ndatasets==3.6.0\ndebugpy==1.8.14\ndecorator==5.2.1\ndefusedxml==0.7.1\ndill==0.3.8\ndiskcache==5.6.3\nentrypoints==0.4\nexecuting==2.2.0\nFaker==37.3.0\nfastapi==0.115.14\nfastjsonschema==2.21.1\nfavicon==0.7.0\nfilelock==3.18.0\nfonttools==4.58.2\nfqdn==1.5.1\nfrozenlist==1.6.2\nfsspec==2025.3.0\ngitdb==4.0.12\nGitPython==3.1.44\ngrpcio==1.73.0\nh11==0.16.0\nhf-xet==1.1.3\nhtbuilder==0.9.0\nhttpcore==1.0.9\nhttpx==0.28.1\nhttpx-ws==0.7.2\nhuggingface-hub==0.33.0\nidna==3.10\niniconfig==2.1.0\nipykernel==6.29.5\nipython==9.3.0\nipython_pygments_lexers==1.1.1\nipywidgets==8.1.7\nisoduration==20.11.0\njedi==0.19.2\nJinja2==3.1.6\njmespath==1.0.1\njoblib==1.5.1\njson5==0.12.0\njsonpointer==3.0.0\njsonschema==4.24.0\njsonschema-specifications==2025.4.1\njupyter==1.1.1\njupyter-console==6.6.3\njupyter-events==0.12.0\njupyter-lsp==2.2.5\njupyter_client==8.6.3\njupyter_core==5.8.1\njupyter_server==2.16.0\njupyter_server_terminals==0.5.3\njupyterlab==4.4.3\njupyterlab_pygments==0.3.0\njupyterlab_server==2.27.3\njupyterlab_widgets==3.0.15\nkiwisolver==1.4.8\nllama_cpp_python==0.3.9\nlmstudio==1.3.1\nlxml==5.4.0\nMako==1.3.10\nMarkdown==3.8\nmarkdownlit==0.0.7\nMarkupSafe==3.0.2\nmatplotlib==3.10.3\nmatplotlib-inline==0.1.7\nmistune==3.1.3\nmpmath==1.3.0\nmsgspec==0.19.0\nmultidict==6.4.4\nmultiprocess==0.70.16\nnarwhals==1.41.1\nnbclient==0.10.2\nnbconvert==7.16.6\nnbformat==5.10.4\nnest-asyncio==1.6.0\nnetworkx==3.5\nnltk==3.9.1\nnotebook==7.4.3\nnotebook_shim==0.2.4\nnumpy==2.3.0\norjson==3.10.18\noverrides==7.7.0\npackaging==24.2\npandas==2.3.0\npandocfilters==1.5.1\nparso==0.8.4\npeft @ git+https://github.com/huggingface/peft.git@759bb70acea8486b3a493792a5b6ba80b5217fb4\npexpect==4.9.0\npillow==11.2.1\nplatformdirs==4.3.8\nplotly==6.1.2\npluggy==1.6.0\nprometheus_client==0.22.1\nprompt_toolkit==3.0.51\npropcache==0.3.1\nprotobuf==5.29.5\npsutil==7.0.0\nptyprocess==0.7.0\npure_eval==0.2.3\npyarrow==18.1.0\npycparser==2.22\npydantic==2.11.7\npydantic_core==2.33.2\npydeck==0.9.1\nPygments==2.19.1\nPyJWT==2.10.1\npymdown-extensions==10.15\npyOpenSSL==25.1.0\npyparsing==3.2.3\npytest==8.4.1\npytest-asyncio==1.0.0\npytest-cov==6.2.1\npython-dateutil==2.9.0.post0\npython-dotenv==1.1.0\npython-json-logger==3.3.0\npytz==2025.2\nPyYAML==6.0.2\npyzmq==26.4.0\nreferencing==0.36.2\nregex==2024.11.6\nrequests==2.32.4\nrfc3339-validator==0.1.4\nrfc3986-validator==0.1.1\nrpds-py==0.25.1\nruff==0.12.0\ns3transfer==0.13.0\nsafetensors==0.5.3\nscikit-learn==1.7.0\nscipy==1.15.3\nseaborn==0.13.2\nSend2Trash==1.8.3\nsentence-transformers==4.1.0\nsentencepiece==0.2.0\nsentry-sdk==2.30.0\nsetproctitle==1.3.6\nsetuptools==80.9.0\nsix==1.17.0\nsmmap==5.0.2\nsniffio==1.3.1\nsnowflake-connector-python==3.15.0\nsnowflake-snowpark-python==1.32.0\nsortedcontainers==2.4.0\nsoupsieve==2.7\nSQLAlchemy==2.0.41\nst-annotated-text==4.0.2\nst-theme==1.2.3\nstack-data==0.6.3\nstarlette==0.46.2\nstreamlit==1.45.1\nstreamlit-avatar==0.1.3\nstreamlit-camera-input-live==0.2.0\nstreamlit-card==1.0.2\nstreamlit-embedcode==0.1.2\nstreamlit-extras==0.7.1\nstreamlit-faker==0.0.3\nstreamlit-image-coordinates==0.2.2\nstreamlit-keyup==0.3.0\nstreamlit-option-menu==0.4.0\nstreamlit-toggle-switch==1.0.2\nstreamlit-vertical-slider==2.5.5\nsympy==1.14.0\ntenacity==9.1.2\ntensorboard==2.19.0\ntensorboard-data-server==0.7.2\nterminado==0.18.1\nthreadpoolctl==3.6.0\ntinycss2==1.4.0\ntokenizers==0.21.1\ntoml==0.10.2\ntomlkit==0.13.3\ntorch==2.7.1\ntornado==6.5.1\ntqdm==4.67.1\ntraitlets==5.14.3\ntransformers==4.52.4\ntrl==0.19.0\ntypes-python-dateutil==2.9.0.20250516\ntyping-inspection==0.4.1\ntyping_extensions==4.14.0\ntzdata==2025.2\ntzlocal==5.3.1\nuri-template==1.3.0\nurllib3==2.4.0\nuv==0.7.11\nuvicorn==0.35.0\nvalidators==0.35.0\nwandb==0.20.1\nwatchdog==6.0.0\nwcwidth==0.2.13\nwebcolors==24.11.1\nwebencodings==0.5.1\nwebsocket-client==1.8.0\nWerkzeug==3.1.3\nwheel==0.45.1\nwidgetsnbextension==4.0.14\nwsproto==1.2.0\nxxhash==3.5.0\nyarl==1.20.0\n"", ""run_env_vars"": {}}"
ci_sft_training_20250629_194720,2025-06-30T00:47:28.674746+00:00,0,final_loss,2.661999225616455,
ci_sft_training_20250629_194720,2025-06-30T00:47:28.674746+00:00,0,training_duration,3.3655550479888916,
ci_sft_training_20250629_194720,2025-06-30T00:47:28.674746+00:00,0,max_steps,1,
ci_sft_training_20250629_194720,2025-06-30T00:47:28.674746+00:00,0,dataset_size,3,
ci_sft_training_20250629_194720,2025-06-30T00:47:28.674746+00:00,0,status,completed,
ci_evaluation_20250629_194730,2025-06-30T00:47:30.562314+00:00,-1,run_init,"{""checkpoint_path"": ""/var/folders/9x/58m08f710ln5mxfj6_41qtfh0000gn/T/tmp3c3q4n_k/checkpoint"", ""output_json"": ""/var/folders/9x/58m08f710ln5mxfj6_41qtfh0000gn/T/tmp3c3q4n_k/results.json"", ""quick_mode"": true, ""num_samples"": 10}","{""git_sha"": ""1b5d7d4f1dade54656c358aae01590df936a1f23"", ""pip_freeze"": ""absl-py==2.3.0\naccelerate==1.7.0\naiohappyeyeballs==2.6.1\naiohttp==3.12.9\naiosignal==1.3.2\nalembic==1.16.2\naltair==5.5.0\nannotated-types==0.7.0\nanyio==4.9.0\nappnope==0.1.4\nargon2-cffi==25.1.0\nargon2-cffi-bindings==21.2.0\narrow==1.3.0\nasn1crypto==1.5.1\nasttokens==3.0.0\nasync-lru==2.0.5\nattrs==25.3.0\nbabel==2.17.0\nbcrypt==4.3.0\nbeautifulsoup4==4.13.4\nbitsandbytes==0.42.0\nbleach==6.2.0\nblinker==1.9.0\nboto3==1.38.32\nbotocore==1.38.32\ncachetools==5.5.2\ncertifi==2025.4.26\ncffi==1.17.1\ncharset-normalizer==3.4.2\nclick==8.2.1\ncloudpickle==3.0.0\ncomm==0.2.2\ncontourpy==1.3.2\ncoverage==7.9.1\ncryptography==45.0.3\ncycler==0.12.1\ndatasets==3.6.0\ndebugpy==1.8.14\ndecorator==5.2.1\ndefusedxml==0.7.1\ndill==0.3.8\ndiskcache==5.6.3\nentrypoints==0.4\nexecuting==2.2.0\nFaker==37.3.0\nfastapi==0.115.14\nfastjsonschema==2.21.1\nfavicon==0.7.0\nfilelock==3.18.0\nfonttools==4.58.2\nfqdn==1.5.1\nfrozenlist==1.6.2\nfsspec==2025.3.0\ngitdb==4.0.12\nGitPython==3.1.44\ngrpcio==1.73.0\nh11==0.16.0\nhf-xet==1.1.3\nhtbuilder==0.9.0\nhttpcore==1.0.9\nhttpx==0.28.1\nhttpx-ws==0.7.2\nhuggingface-hub==0.33.0\nidna==3.10\niniconfig==2.1.0\nipykernel==6.29.5\nipython==9.3.0\nipython_pygments_lexers==1.1.1\nipywidgets==8.1.7\nisoduration==20.11.0\njedi==0.19.2\nJinja2==3.1.6\njmespath==1.0.1\njoblib==1.5.1\njson5==0.12.0\njsonpointer==3.0.0\njsonschema==4.24.0\njsonschema-specifications==2025.4.1\njupyter==1.1.1\njupyter-console==6.6.3\njupyter-events==0.12.0\njupyter-lsp==2.2.5\njupyter_client==8.6.3\njupyter_core==5.8.1\njupyter_server==2.16.0\njupyter_server_terminals==0.5.3\njupyterlab==4.4.3\njupyterlab_pygments==0.3.0\njupyterlab_server==2.27.3\njupyterlab_widgets==3.0.15\nkiwisolver==1.4.8\nllama_cpp_python==0.3.9\nlmstudio==1.3.1\nlxml==5.4.0\nMako==1.3.10\nMarkdown==3.8\nmarkdownlit==0.0.7\nMarkupSafe==3.0.2\nmatplotlib==3.10.3\nmatplotlib-inline==0.1.7\nmistune==3.1.3\nmpmath==1.3.0\nmsgspec==0.19.0\nmultidict==6.4.4\nmultiprocess==0.70.16\nnarwhals==1.41.1\nnbclient==0.10.2\nnbconvert==7.16.6\nnbformat==5.10.4\nnest-asyncio==1.6.0\nnetworkx==3.5\nnltk==3.9.1\nnotebook==7.4.3\nnotebook_shim==0.2.4\nnumpy==2.3.0\norjson==3.10.18\noverrides==7.7.0\npackaging==24.2\npandas==2.3.0\npandocfilters==1.5.1\nparso==0.8.4\npeft @ git+https://github.com/huggingface/peft.git@759bb70acea8486b3a493792a5b6ba80b5217fb4\npexpect==4.9.0\npillow==11.2.1\nplatformdirs==4.3.8\nplotly==6.1.2\npluggy==1.6.0\nprometheus_client==0.22.1\nprompt_toolkit==3.0.51\npropcache==0.3.1\nprotobuf==5.29.5\npsutil==7.0.0\nptyprocess==0.7.0\npure_eval==0.2.3\npyarrow==18.1.0\npycparser==2.22\npydantic==2.11.7\npydantic_core==2.33.2\npydeck==0.9.1\nPygments==2.19.1\nPyJWT==2.10.1\npymdown-extensions==10.15\npyOpenSSL==25.1.0\npyparsing==3.2.3\npytest==8.4.1\npytest-asyncio==1.0.0\npytest-cov==6.2.1\npython-dateutil==2.9.0.post0\npython-dotenv==1.1.0\npython-json-logger==3.3.0\npytz==2025.2\nPyYAML==6.0.2\npyzmq==26.4.0\nreferencing==0.36.2\nregex==2024.11.6\nrequests==2.32.4\nrfc3339-validator==0.1.4\nrfc3986-validator==0.1.1\nrpds-py==0.25.1\nruff==0.12.0\ns3transfer==0.13.0\nsafetensors==0.5.3\nscikit-learn==1.7.0\nscipy==1.15.3\nseaborn==0.13.2\nSend2Trash==1.8.3\nsentence-transformers==4.1.0\nsentencepiece==0.2.0\nsentry-sdk==2.30.0\nsetproctitle==1.3.6\nsetuptools==80.9.0\nsix==1.17.0\nsmmap==5.0.2\nsniffio==1.3.1\nsnowflake-connector-python==3.15.0\nsnowflake-snowpark-python==1.32.0\nsortedcontainers==2.4.0\nsoupsieve==2.7\nSQLAlchemy==2.0.41\nst-annotated-text==4.0.2\nst-theme==1.2.3\nstack-data==0.6.3\nstarlette==0.46.2\nstreamlit==1.45.1\nstreamlit-avatar==0.1.3\nstreamlit-camera-input-live==0.2.0\nstreamlit-card==1.0.2\nstreamlit-embedcode==0.1.2\nstreamlit-extras==0.7.1\nstreamlit-faker==0.0.3\nstreamlit-image-coordinates==0.2.2\nstreamlit-keyup==0.3.0\nstreamlit-option-menu==0.4.0\nstreamlit-toggle-switch==1.0.2\nstreamlit-vertical-slider==2.5.5\nsympy==1.14.0\ntenacity==9.1.2\ntensorboard==2.19.0\ntensorboard-data-server==0.7.2\nterminado==0.18.1\nthreadpoolctl==3.6.0\ntinycss2==1.4.0\ntokenizers==0.21.1\ntoml==0.10.2\ntomlkit==0.13.3\ntorch==2.7.1\ntornado==6.5.1\ntqdm==4.67.1\ntraitlets==5.14.3\ntransformers==4.52.4\ntrl==0.19.0\ntypes-python-dateutil==2.9.0.20250516\ntyping-inspection==0.4.1\ntyping_extensions==4.14.0\ntzdata==2025.2\ntzlocal==5.3.1\nuri-template==1.3.0\nurllib3==2.4.0\nuv==0.7.11\nuvicorn==0.35.0\nvalidators==0.35.0\nwandb==0.20.1\nwatchdog==6.0.0\nwcwidth==0.2.13\nwebcolors==24.11.1\nwebencodings==0.5.1\nwebsocket-client==1.8.0\nWerkzeug==3.1.3\nwheel==0.45.1\nwidgetsnbextension==4.0.14\nwsproto==1.2.0\nxxhash==3.5.0\nyarl==1.20.0\n"", ""run_env_vars"": {}}"
ci_evaluation_20250629_194730,2025-06-30T00:47:30.563136+00:00,0,json_correctness,1.0,
ci_evaluation_20250629_194730,2025-06-30T00:47:30.563136+00:00,0,personality_alignment,0.5,
ci_evaluation_20250629_194730,2025-06-30T00:47:30.563136+00:00,0,evaluation_duration,0.00035309791564941406,
ci_evaluation_20250629_194730,2025-06-30T00:47:30.563136+00:00,0,status,completed,
ci_sft_training_20250630_002418,2025-06-30T05:24:18.713393+00:00,-1,run_init,"{""model_name"": ""HuggingFaceTB/SmolLM2-135M-Instruct"", ""learning_rate"": 0.0002, ""batch_size"": 1, ""max_steps"": 5, ""output_dir"": ""/var/folders/9x/58m08f710ln5mxfj6_41qtfh0000gn/T/tmp7chetyih"", ""quick_mode"": true, ""dataset_size"": 100}","{""git_sha"": ""9e02630c2d27ac9a955f28e1fd8c4e33e0621b17"", ""pip_freeze"": ""absl-py==2.3.0\naccelerate==1.7.0\naiohappyeyeballs==2.6.1\naiohttp==3.12.9\naiosignal==1.3.2\nalembic==1.16.2\naltair==5.5.0\nannotated-types==0.7.0\nanyio==4.9.0\nappnope==0.1.4\nargon2-cffi==25.1.0\nargon2-cffi-bindings==21.2.0\narrow==1.3.0\nasn1crypto==1.5.1\nasttokens==3.0.0\nasync-lru==2.0.5\nattrs==25.3.0\nbabel==2.17.0\nbcrypt==4.3.0\nbeautifulsoup4==4.13.4\nbitsandbytes==0.42.0\nbleach==6.2.0\nblinker==1.9.0\nboto3==1.38.32\nbotocore==1.38.32\ncachetools==5.5.2\ncertifi==2025.4.26\ncffi==1.17.1\ncharset-normalizer==3.4.2\nclick==8.2.1\ncloudpickle==3.0.0\ncomm==0.2.2\ncontourpy==1.3.2\ncoverage==7.9.1\ncryptography==45.0.3\ncycler==0.12.1\ndatasets==3.6.0\ndebugpy==1.8.14\ndecorator==5.2.1\ndefusedxml==0.7.1\ndill==0.3.8\ndiskcache==5.6.3\nentrypoints==0.4\nexecuting==2.2.0\nFaker==37.3.0\nfastapi==0.115.14\nfastjsonschema==2.21.1\nfavicon==0.7.0\nfilelock==3.18.0\nfonttools==4.58.2\nfqdn==1.5.1\nfrozenlist==1.6.2\nfsspec==2025.3.0\ngitdb==4.0.12\nGitPython==3.1.44\ngrpcio==1.73.0\nh11==0.16.0\nhf-xet==1.1.3\nhtbuilder==0.9.0\nhttpcore==1.0.9\nhttpx==0.28.1\nhttpx-ws==0.7.2\nhuggingface-hub==0.33.0\nidna==3.10\niniconfig==2.1.0\nipykernel==6.29.5\nipython==9.3.0\nipython_pygments_lexers==1.1.1\nipywidgets==8.1.7\nisoduration==20.11.0\njedi==0.19.2\nJinja2==3.1.6\njmespath==1.0.1\njoblib==1.5.1\njson5==0.12.0\njsonpointer==3.0.0\njsonschema==4.24.0\njsonschema-specifications==2025.4.1\njupyter==1.1.1\njupyter-console==6.6.3\njupyter-events==0.12.0\njupyter-lsp==2.2.5\njupyter_client==8.6.3\njupyter_core==5.8.1\njupyter_server==2.16.0\njupyter_server_terminals==0.5.3\njupyterlab==4.4.3\njupyterlab_pygments==0.3.0\njupyterlab_server==2.27.3\njupyterlab_widgets==3.0.15\nkiwisolver==1.4.8\nllama_cpp_python==0.3.9\nlmstudio==1.3.1\nlxml==5.4.0\nMako==1.3.10\nMarkdown==3.8\nmarkdown-it-py==3.0.0\nmarkdownlit==0.0.7\nMarkupSafe==3.0.2\nmatplotlib==3.10.3\nmatplotlib-inline==0.1.7\nmdurl==0.1.2\nmistune==3.1.3\nmpmath==1.3.0\nmsgspec==0.19.0\nmultidict==6.4.4\nmultiprocess==0.70.16\nnarwhals==1.41.1\nnbclient==0.10.2\nnbconvert==7.16.6\nnbformat==5.10.4\nnest-asyncio==1.6.0\nnetworkx==3.5\nnltk==3.9.1\nnotebook==7.4.3\nnotebook_shim==0.2.4\nnumpy==2.3.0\norjson==3.10.18\noverrides==7.7.0\npackaging==24.2\npandas==2.3.0\npandocfilters==1.5.1\nparso==0.8.4\npeft @ git+https://github.com/huggingface/peft.git@759bb70acea8486b3a493792a5b6ba80b5217fb4\npexpect==4.9.0\npillow==11.2.1\nplatformdirs==4.3.8\nplotly==6.1.2\npluggy==1.6.0\nprometheus_client==0.22.1\nprompt_toolkit==3.0.51\npropcache==0.3.1\nprotobuf==5.29.5\npsutil==7.0.0\nptyprocess==0.7.0\npure_eval==0.2.3\npyarrow==18.1.0\npycparser==2.22\npydantic==2.11.7\npydantic_core==2.33.2\npydeck==0.9.1\nPygments==2.19.1\nPyJWT==2.10.1\npymdown-extensions==10.15\npyOpenSSL==25.1.0\npyparsing==3.2.3\npytest==8.4.1\npytest-asyncio==1.0.0\npytest-cov==6.2.1\npython-dateutil==2.9.0.post0\npython-dotenv==1.1.0\npython-json-logger==3.3.0\npytz==2025.2\nPyYAML==6.0.2\npyzmq==26.4.0\nreferencing==0.36.2\nregex==2024.11.6\nrequests==2.32.4\nrfc3339-validator==0.1.4\nrfc3986-validator==0.1.1\nrich==14.0.0\nrpds-py==0.25.1\nruff==0.12.0\ns3transfer==0.13.0\nsafetensors==0.5.3\nscikit-learn==1.7.0\nscipy==1.15.3\nseaborn==0.13.2\nSend2Trash==1.8.3\nsentence-transformers==4.1.0\nsentencepiece==0.2.0\nsentry-sdk==2.30.0\nsetproctitle==1.3.6\nsetuptools==80.9.0\nsix==1.17.0\nsmmap==5.0.2\nsniffio==1.3.1\nsnowflake-connector-python==3.15.0\nsnowflake-snowpark-python==1.32.0\nsortedcontainers==2.4.0\nsoupsieve==2.7\nSQLAlchemy==2.0.41\nst-annotated-text==4.0.2\nst-theme==1.2.3\nstack-data==0.6.3\nstarlette==0.46.2\nstreamlit==1.45.1\nstreamlit-avatar==0.1.3\nstreamlit-camera-input-live==0.2.0\nstreamlit-card==1.0.2\nstreamlit-embedcode==0.1.2\nstreamlit-extras==0.7.1\nstreamlit-faker==0.0.3\nstreamlit-image-coordinates==0.2.2\nstreamlit-keyup==0.3.0\nstreamlit-option-menu==0.4.0\nstreamlit-toggle-switch==1.0.2\nstreamlit-vertical-slider==2.5.5\nsympy==1.14.0\ntenacity==9.1.2\ntensorboard==2.19.0\ntensorboard-data-server==0.7.2\nterminado==0.18.1\nthreadpoolctl==3.6.0\ntinycss2==1.4.0\ntokenizers==0.21.1\ntoml==0.10.2\ntomlkit==0.13.3\ntorch==2.7.1\ntornado==6.5.1\ntqdm==4.67.1\ntraitlets==5.14.3\ntransformers==4.52.4\ntrl==0.19.0\ntypes-python-dateutil==2.9.0.20250516\ntyping-inspection==0.4.1\ntyping_extensions==4.14.0\ntzdata==2025.2\ntzlocal==5.3.1\nuri-template==1.3.0\nurllib3==2.4.0\nuv==0.7.11\nuvicorn==0.35.0\nvalidators==0.35.0\nwandb==0.20.1\nwatchdog==6.0.0\nwcwidth==0.2.13\nwebcolors==24.11.1\nwebencodings==0.5.1\nwebsocket-client==1.8.0\nWerkzeug==3.1.3\nwheel==0.45.1\nwidgetsnbextension==4.0.14\nwsproto==1.2.0\nxxhash==3.5.0\nyarl==1.20.0\n"", ""run_env_vars"": {}}"
ci_sft_training_20250630_002418,2025-06-30T05:24:30.026414+00:00,0,final_loss,0.9388328224420548,
ci_sft_training_20250630_002418,2025-06-30T05:24:30.026414+00:00,0,training_duration,5.889545917510986,
ci_sft_training_20250630_002418,2025-06-30T05:24:30.026414+00:00,0,max_steps,5,
ci_sft_training_20250630_002418,2025-06-30T05:24:30.026414+00:00,0,dataset_size,100,
ci_sft_training_20250630_002418,2025-06-30T05:24:30.026414+00:00,0,status,completed,
ci_sft_training_20250630_002432,2025-06-30T05:24:32.491413+00:00,-1,run_init,"{""model_name"": ""HuggingFaceTB/SmolLM2-135M-Instruct"", ""learning_rate"": 0.0002, ""batch_size"": 1, ""max_steps"": 10, ""output_dir"": ""/var/folders/9x/58m08f710ln5mxfj6_41qtfh0000gn/T/tmp94jwra1z/ci_output"", ""quick_mode"": true, ""dataset_size"": 100}","{""git_sha"": ""9e02630c2d27ac9a955f28e1fd8c4e33e0621b17"", ""pip_freeze"": ""absl-py==2.3.0\naccelerate==1.7.0\naiohappyeyeballs==2.6.1\naiohttp==3.12.9\naiosignal==1.3.2\nalembic==1.16.2\naltair==5.5.0\nannotated-types==0.7.0\nanyio==4.9.0\nappnope==0.1.4\nargon2-cffi==25.1.0\nargon2-cffi-bindings==21.2.0\narrow==1.3.0\nasn1crypto==1.5.1\nasttokens==3.0.0\nasync-lru==2.0.5\nattrs==25.3.0\nbabel==2.17.0\nbcrypt==4.3.0\nbeautifulsoup4==4.13.4\nbitsandbytes==0.42.0\nbleach==6.2.0\nblinker==1.9.0\nboto3==1.38.32\nbotocore==1.38.32\ncachetools==5.5.2\ncertifi==2025.4.26\ncffi==1.17.1\ncharset-normalizer==3.4.2\nclick==8.2.1\ncloudpickle==3.0.0\ncomm==0.2.2\ncontourpy==1.3.2\ncoverage==7.9.1\ncryptography==45.0.3\ncycler==0.12.1\ndatasets==3.6.0\ndebugpy==1.8.14\ndecorator==5.2.1\ndefusedxml==0.7.1\ndill==0.3.8\ndiskcache==5.6.3\nentrypoints==0.4\nexecuting==2.2.0\nFaker==37.3.0\nfastapi==0.115.14\nfastjsonschema==2.21.1\nfavicon==0.7.0\nfilelock==3.18.0\nfonttools==4.58.2\nfqdn==1.5.1\nfrozenlist==1.6.2\nfsspec==2025.3.0\ngitdb==4.0.12\nGitPython==3.1.44\ngrpcio==1.73.0\nh11==0.16.0\nhf-xet==1.1.3\nhtbuilder==0.9.0\nhttpcore==1.0.9\nhttpx==0.28.1\nhttpx-ws==0.7.2\nhuggingface-hub==0.33.0\nidna==3.10\niniconfig==2.1.0\nipykernel==6.29.5\nipython==9.3.0\nipython_pygments_lexers==1.1.1\nipywidgets==8.1.7\nisoduration==20.11.0\njedi==0.19.2\nJinja2==3.1.6\njmespath==1.0.1\njoblib==1.5.1\njson5==0.12.0\njsonpointer==3.0.0\njsonschema==4.24.0\njsonschema-specifications==2025.4.1\njupyter==1.1.1\njupyter-console==6.6.3\njupyter-events==0.12.0\njupyter-lsp==2.2.5\njupyter_client==8.6.3\njupyter_core==5.8.1\njupyter_server==2.16.0\njupyter_server_terminals==0.5.3\njupyterlab==4.4.3\njupyterlab_pygments==0.3.0\njupyterlab_server==2.27.3\njupyterlab_widgets==3.0.15\nkiwisolver==1.4.8\nllama_cpp_python==0.3.9\nlmstudio==1.3.1\nlxml==5.4.0\nMako==1.3.10\nMarkdown==3.8\nmarkdown-it-py==3.0.0\nmarkdownlit==0.0.7\nMarkupSafe==3.0.2\nmatplotlib==3.10.3\nmatplotlib-inline==0.1.7\nmdurl==0.1.2\nmistune==3.1.3\nmpmath==1.3.0\nmsgspec==0.19.0\nmultidict==6.4.4\nmultiprocess==0.70.16\nnarwhals==1.41.1\nnbclient==0.10.2\nnbconvert==7.16.6\nnbformat==5.10.4\nnest-asyncio==1.6.0\nnetworkx==3.5\nnltk==3.9.1\nnotebook==7.4.3\nnotebook_shim==0.2.4\nnumpy==2.3.0\norjson==3.10.18\noverrides==7.7.0\npackaging==24.2\npandas==2.3.0\npandocfilters==1.5.1\nparso==0.8.4\npeft @ git+https://github.com/huggingface/peft.git@759bb70acea8486b3a493792a5b6ba80b5217fb4\npexpect==4.9.0\npillow==11.2.1\nplatformdirs==4.3.8\nplotly==6.1.2\npluggy==1.6.0\nprometheus_client==0.22.1\nprompt_toolkit==3.0.51\npropcache==0.3.1\nprotobuf==5.29.5\npsutil==7.0.0\nptyprocess==0.7.0\npure_eval==0.2.3\npyarrow==18.1.0\npycparser==2.22\npydantic==2.11.7\npydantic_core==2.33.2\npydeck==0.9.1\nPygments==2.19.1\nPyJWT==2.10.1\npymdown-extensions==10.15\npyOpenSSL==25.1.0\npyparsing==3.2.3\npytest==8.4.1\npytest-asyncio==1.0.0\npytest-cov==6.2.1\npython-dateutil==2.9.0.post0\npython-dotenv==1.1.0\npython-json-logger==3.3.0\npytz==2025.2\nPyYAML==6.0.2\npyzmq==26.4.0\nreferencing==0.36.2\nregex==2024.11.6\nrequests==2.32.4\nrfc3339-validator==0.1.4\nrfc3986-validator==0.1.1\nrich==14.0.0\nrpds-py==0.25.1\nruff==0.12.0\ns3transfer==0.13.0\nsafetensors==0.5.3\nscikit-learn==1.7.0\nscipy==1.15.3\nseaborn==0.13.2\nSend2Trash==1.8.3\nsentence-transformers==4.1.0\nsentencepiece==0.2.0\nsentry-sdk==2.30.0\nsetproctitle==1.3.6\nsetuptools==80.9.0\nsix==1.17.0\nsmmap==5.0.2\nsniffio==1.3.1\nsnowflake-connector-python==3.15.0\nsnowflake-snowpark-python==1.32.0\nsortedcontainers==2.4.0\nsoupsieve==2.7\nSQLAlchemy==2.0.41\nst-annotated-text==4.0.2\nst-theme==1.2.3\nstack-data==0.6.3\nstarlette==0.46.2\nstreamlit==1.45.1\nstreamlit-avatar==0.1.3\nstreamlit-camera-input-live==0.2.0\nstreamlit-card==1.0.2\nstreamlit-embedcode==0.1.2\nstreamlit-extras==0.7.1\nstreamlit-faker==0.0.3\nstreamlit-image-coordinates==0.2.2\nstreamlit-keyup==0.3.0\nstreamlit-option-menu==0.4.0\nstreamlit-toggle-switch==1.0.2\nstreamlit-vertical-slider==2.5.5\nsympy==1.14.0\ntenacity==9.1.2\ntensorboard==2.19.0\ntensorboard-data-server==0.7.2\nterminado==0.18.1\nthreadpoolctl==3.6.0\ntinycss2==1.4.0\ntokenizers==0.21.1\ntoml==0.10.2\ntomlkit==0.13.3\ntorch==2.7.1\ntornado==6.5.1\ntqdm==4.67.1\ntraitlets==5.14.3\ntransformers==4.52.4\ntrl==0.19.0\ntypes-python-dateutil==2.9.0.20250516\ntyping-inspection==0.4.1\ntyping_extensions==4.14.0\ntzdata==2025.2\ntzlocal==5.3.1\nuri-template==1.3.0\nurllib3==2.4.0\nuv==0.7.11\nuvicorn==0.35.0\nvalidators==0.35.0\nwandb==0.20.1\nwatchdog==6.0.0\nwcwidth==0.2.13\nwebcolors==24.11.1\nwebencodings==0.5.1\nwebsocket-client==1.8.0\nWerkzeug==3.1.3\nwheel==0.45.1\nwidgetsnbextension==4.0.14\nwsproto==1.2.0\nxxhash==3.5.0\nyarl==1.20.0\n"", ""run_env_vars"": {}}"
ci_sft_training_20250630_002432,2025-06-30T05:24:45.848222+00:00,0,final_loss,0.5486014634370804,
ci_sft_training_20250630_002432,2025-06-30T05:24:45.848222+00:00,0,training_duration,7.4862589836120605,
ci_sft_training_20250630_002432,2025-06-30T05:24:45.848222+00:00,0,max_steps,10,
ci_sft_training_20250630_002432,2025-06-30T05:24:45.848222+00:00,0,dataset_size,100,
ci_sft_training_20250630_002432,2025-06-30T05:24:45.848222+00:00,0,status,completed,
ci_sft_training_20250630_002447,2025-06-30T05:24:47.940890+00:00,-1,run_init,"{""model_name"": ""HuggingFaceTB/SmolLM2-135M-Instruct"", ""learning_rate"": 0.0002, ""batch_size"": 1, ""max_steps"": 3, ""output_dir"": ""/var/folders/9x/58m08f710ln5mxfj6_41qtfh0000gn/T/tmpuvh983q4"", ""quick_mode"": true, ""dataset_size"": 100}","{""git_sha"": ""9e02630c2d27ac9a955f28e1fd8c4e33e0621b17"", ""pip_freeze"": ""absl-py==2.3.0\naccelerate==1.7.0\naiohappyeyeballs==2.6.1\naiohttp==3.12.9\naiosignal==1.3.2\nalembic==1.16.2\naltair==5.5.0\nannotated-types==0.7.0\nanyio==4.9.0\nappnope==0.1.4\nargon2-cffi==25.1.0\nargon2-cffi-bindings==21.2.0\narrow==1.3.0\nasn1crypto==1.5.1\nasttokens==3.0.0\nasync-lru==2.0.5\nattrs==25.3.0\nbabel==2.17.0\nbcrypt==4.3.0\nbeautifulsoup4==4.13.4\nbitsandbytes==0.42.0\nbleach==6.2.0\nblinker==1.9.0\nboto3==1.38.32\nbotocore==1.38.32\ncachetools==5.5.2\ncertifi==2025.4.26\ncffi==1.17.1\ncharset-normalizer==3.4.2\nclick==8.2.1\ncloudpickle==3.0.0\ncomm==0.2.2\ncontourpy==1.3.2\ncoverage==7.9.1\ncryptography==45.0.3\ncycler==0.12.1\ndatasets==3.6.0\ndebugpy==1.8.14\ndecorator==5.2.1\ndefusedxml==0.7.1\ndill==0.3.8\ndiskcache==5.6.3\nentrypoints==0.4\nexecuting==2.2.0\nFaker==37.3.0\nfastapi==0.115.14\nfastjsonschema==2.21.1\nfavicon==0.7.0\nfilelock==3.18.0\nfonttools==4.58.2\nfqdn==1.5.1\nfrozenlist==1.6.2\nfsspec==2025.3.0\ngitdb==4.0.12\nGitPython==3.1.44\ngrpcio==1.73.0\nh11==0.16.0\nhf-xet==1.1.3\nhtbuilder==0.9.0\nhttpcore==1.0.9\nhttpx==0.28.1\nhttpx-ws==0.7.2\nhuggingface-hub==0.33.0\nidna==3.10\niniconfig==2.1.0\nipykernel==6.29.5\nipython==9.3.0\nipython_pygments_lexers==1.1.1\nipywidgets==8.1.7\nisoduration==20.11.0\njedi==0.19.2\nJinja2==3.1.6\njmespath==1.0.1\njoblib==1.5.1\njson5==0.12.0\njsonpointer==3.0.0\njsonschema==4.24.0\njsonschema-specifications==2025.4.1\njupyter==1.1.1\njupyter-console==6.6.3\njupyter-events==0.12.0\njupyter-lsp==2.2.5\njupyter_client==8.6.3\njupyter_core==5.8.1\njupyter_server==2.16.0\njupyter_server_terminals==0.5.3\njupyterlab==4.4.3\njupyterlab_pygments==0.3.0\njupyterlab_server==2.27.3\njupyterlab_widgets==3.0.15\nkiwisolver==1.4.8\nllama_cpp_python==0.3.9\nlmstudio==1.3.1\nlxml==5.4.0\nMako==1.3.10\nMarkdown==3.8\nmarkdown-it-py==3.0.0\nmarkdownlit==0.0.7\nMarkupSafe==3.0.2\nmatplotlib==3.10.3\nmatplotlib-inline==0.1.7\nmdurl==0.1.2\nmistune==3.1.3\nmpmath==1.3.0\nmsgspec==0.19.0\nmultidict==6.4.4\nmultiprocess==0.70.16\nnarwhals==1.41.1\nnbclient==0.10.2\nnbconvert==7.16.6\nnbformat==5.10.4\nnest-asyncio==1.6.0\nnetworkx==3.5\nnltk==3.9.1\nnotebook==7.4.3\nnotebook_shim==0.2.4\nnumpy==2.3.0\norjson==3.10.18\noverrides==7.7.0\npackaging==24.2\npandas==2.3.0\npandocfilters==1.5.1\nparso==0.8.4\npeft @ git+https://github.com/huggingface/peft.git@759bb70acea8486b3a493792a5b6ba80b5217fb4\npexpect==4.9.0\npillow==11.2.1\nplatformdirs==4.3.8\nplotly==6.1.2\npluggy==1.6.0\nprometheus_client==0.22.1\nprompt_toolkit==3.0.51\npropcache==0.3.1\nprotobuf==5.29.5\npsutil==7.0.0\nptyprocess==0.7.0\npure_eval==0.2.3\npyarrow==18.1.0\npycparser==2.22\npydantic==2.11.7\npydantic_core==2.33.2\npydeck==0.9.1\nPygments==2.19.1\nPyJWT==2.10.1\npymdown-extensions==10.15\npyOpenSSL==25.1.0\npyparsing==3.2.3\npytest==8.4.1\npytest-asyncio==1.0.0\npytest-cov==6.2.1\npython-dateutil==2.9.0.post0\npython-dotenv==1.1.0\npython-json-logger==3.3.0\npytz==2025.2\nPyYAML==6.0.2\npyzmq==26.4.0\nreferencing==0.36.2\nregex==2024.11.6\nrequests==2.32.4\nrfc3339-validator==0.1.4\nrfc3986-validator==0.1.1\nrich==14.0.0\nrpds-py==0.25.1\nruff==0.12.0\ns3transfer==0.13.0\nsafetensors==0.5.3\nscikit-learn==1.7.0\nscipy==1.15.3\nseaborn==0.13.2\nSend2Trash==1.8.3\nsentence-transformers==4.1.0\nsentencepiece==0.2.0\nsentry-sdk==2.30.0\nsetproctitle==1.3.6\nsetuptools==80.9.0\nsix==1.17.0\nsmmap==5.0.2\nsniffio==1.3.1\nsnowflake-connector-python==3.15.0\nsnowflake-snowpark-python==1.32.0\nsortedcontainers==2.4.0\nsoupsieve==2.7\nSQLAlchemy==2.0.41\nst-annotated-text==4.0.2\nst-theme==1.2.3\nstack-data==0.6.3\nstarlette==0.46.2\nstreamlit==1.45.1\nstreamlit-avatar==0.1.3\nstreamlit-camera-input-live==0.2.0\nstreamlit-card==1.0.2\nstreamlit-embedcode==0.1.2\nstreamlit-extras==0.7.1\nstreamlit-faker==0.0.3\nstreamlit-image-coordinates==0.2.2\nstreamlit-keyup==0.3.0\nstreamlit-option-menu==0.4.0\nstreamlit-toggle-switch==1.0.2\nstreamlit-vertical-slider==2.5.5\nsympy==1.14.0\ntenacity==9.1.2\ntensorboard==2.19.0\ntensorboard-data-server==0.7.2\nterminado==0.18.1\nthreadpoolctl==3.6.0\ntinycss2==1.4.0\ntokenizers==0.21.1\ntoml==0.10.2\ntomlkit==0.13.3\ntorch==2.7.1\ntornado==6.5.1\ntqdm==4.67.1\ntraitlets==5.14.3\ntransformers==4.52.4\ntrl==0.19.0\ntypes-python-dateutil==2.9.0.20250516\ntyping-inspection==0.4.1\ntyping_extensions==4.14.0\ntzdata==2025.2\ntzlocal==5.3.1\nuri-template==1.3.0\nurllib3==2.4.0\nuv==0.7.11\nuvicorn==0.35.0\nvalidators==0.35.0\nwandb==0.20.1\nwatchdog==6.0.0\nwcwidth==0.2.13\nwebcolors==24.11.1\nwebencodings==0.5.1\nwebsocket-client==1.8.0\nWerkzeug==3.1.3\nwheel==0.45.1\nwidgetsnbextension==4.0.14\nwsproto==1.2.0\nxxhash==3.5.0\nyarl==1.20.0\n"", ""run_env_vars"": {}}"
ci_sft_training_20250630_002447,2025-06-30T05:24:58.510839+00:00,0,final_loss,1.426733483870824,
ci_sft_training_20250630_002447,2025-06-30T05:24:58.510839+00:00,0,training_duration,4.662331819534302,
ci_sft_training_20250630_002447,2025-06-30T05:24:58.510839+00:00,0,max_steps,3,
ci_sft_training_20250630_002447,2025-06-30T05:24:58.510839+00:00,0,dataset_size,100,
ci_sft_training_20250630_002447,2025-06-30T05:24:58.510839+00:00,0,status,completed,
ci_sft_training_20250630_002500,2025-06-30T05:25:00.601718+00:00,-1,run_init,"{""model_name"": ""HuggingFaceTB/SmolLM2-135M-Instruct"", ""learning_rate"": 0.0002, ""batch_size"": 1, ""max_steps"": 1, ""output_dir"": ""/var/folders/9x/58m08f710ln5mxfj6_41qtfh0000gn/T/tmppe1sh2jw"", ""quick_mode"": true, ""dataset_size"": 100}","{""git_sha"": ""9e02630c2d27ac9a955f28e1fd8c4e33e0621b17"", ""pip_freeze"": ""absl-py==2.3.0\naccelerate==1.7.0\naiohappyeyeballs==2.6.1\naiohttp==3.12.9\naiosignal==1.3.2\nalembic==1.16.2\naltair==5.5.0\nannotated-types==0.7.0\nanyio==4.9.0\nappnope==0.1.4\nargon2-cffi==25.1.0\nargon2-cffi-bindings==21.2.0\narrow==1.3.0\nasn1crypto==1.5.1\nasttokens==3.0.0\nasync-lru==2.0.5\nattrs==25.3.0\nbabel==2.17.0\nbcrypt==4.3.0\nbeautifulsoup4==4.13.4\nbitsandbytes==0.42.0\nbleach==6.2.0\nblinker==1.9.0\nboto3==1.38.32\nbotocore==1.38.32\ncachetools==5.5.2\ncertifi==2025.4.26\ncffi==1.17.1\ncharset-normalizer==3.4.2\nclick==8.2.1\ncloudpickle==3.0.0\ncomm==0.2.2\ncontourpy==1.3.2\ncoverage==7.9.1\ncryptography==45.0.3\ncycler==0.12.1\ndatasets==3.6.0\ndebugpy==1.8.14\ndecorator==5.2.1\ndefusedxml==0.7.1\ndill==0.3.8\ndiskcache==5.6.3\nentrypoints==0.4\nexecuting==2.2.0\nFaker==37.3.0\nfastapi==0.115.14\nfastjsonschema==2.21.1\nfavicon==0.7.0\nfilelock==3.18.0\nfonttools==4.58.2\nfqdn==1.5.1\nfrozenlist==1.6.2\nfsspec==2025.3.0\ngitdb==4.0.12\nGitPython==3.1.44\ngrpcio==1.73.0\nh11==0.16.0\nhf-xet==1.1.3\nhtbuilder==0.9.0\nhttpcore==1.0.9\nhttpx==0.28.1\nhttpx-ws==0.7.2\nhuggingface-hub==0.33.0\nidna==3.10\niniconfig==2.1.0\nipykernel==6.29.5\nipython==9.3.0\nipython_pygments_lexers==1.1.1\nipywidgets==8.1.7\nisoduration==20.11.0\njedi==0.19.2\nJinja2==3.1.6\njmespath==1.0.1\njoblib==1.5.1\njson5==0.12.0\njsonpointer==3.0.0\njsonschema==4.24.0\njsonschema-specifications==2025.4.1\njupyter==1.1.1\njupyter-console==6.6.3\njupyter-events==0.12.0\njupyter-lsp==2.2.5\njupyter_client==8.6.3\njupyter_core==5.8.1\njupyter_server==2.16.0\njupyter_server_terminals==0.5.3\njupyterlab==4.4.3\njupyterlab_pygments==0.3.0\njupyterlab_server==2.27.3\njupyterlab_widgets==3.0.15\nkiwisolver==1.4.8\nllama_cpp_python==0.3.9\nlmstudio==1.3.1\nlxml==5.4.0\nMako==1.3.10\nMarkdown==3.8\nmarkdown-it-py==3.0.0\nmarkdownlit==0.0.7\nMarkupSafe==3.0.2\nmatplotlib==3.10.3\nmatplotlib-inline==0.1.7\nmdurl==0.1.2\nmistune==3.1.3\nmpmath==1.3.0\nmsgspec==0.19.0\nmultidict==6.4.4\nmultiprocess==0.70.16\nnarwhals==1.41.1\nnbclient==0.10.2\nnbconvert==7.16.6\nnbformat==5.10.4\nnest-asyncio==1.6.0\nnetworkx==3.5\nnltk==3.9.1\nnotebook==7.4.3\nnotebook_shim==0.2.4\nnumpy==2.3.0\norjson==3.10.18\noverrides==7.7.0\npackaging==24.2\npandas==2.3.0\npandocfilters==1.5.1\nparso==0.8.4\npeft @ git+https://github.com/huggingface/peft.git@759bb70acea8486b3a493792a5b6ba80b5217fb4\npexpect==4.9.0\npillow==11.2.1\nplatformdirs==4.3.8\nplotly==6.1.2\npluggy==1.6.0\nprometheus_client==0.22.1\nprompt_toolkit==3.0.51\npropcache==0.3.1\nprotobuf==5.29.5\npsutil==7.0.0\nptyprocess==0.7.0\npure_eval==0.2.3\npyarrow==18.1.0\npycparser==2.22\npydantic==2.11.7\npydantic_core==2.33.2\npydeck==0.9.1\nPygments==2.19.1\nPyJWT==2.10.1\npymdown-extensions==10.15\npyOpenSSL==25.1.0\npyparsing==3.2.3\npytest==8.4.1\npytest-asyncio==1.0.0\npytest-cov==6.2.1\npython-dateutil==2.9.0.post0\npython-dotenv==1.1.0\npython-json-logger==3.3.0\npytz==2025.2\nPyYAML==6.0.2\npyzmq==26.4.0\nreferencing==0.36.2\nregex==2024.11.6\nrequests==2.32.4\nrfc3339-validator==0.1.4\nrfc3986-validator==0.1.1\nrich==14.0.0\nrpds-py==0.25.1\nruff==0.12.0\ns3transfer==0.13.0\nsafetensors==0.5.3\nscikit-learn==1.7.0\nscipy==1.15.3\nseaborn==0.13.2\nSend2Trash==1.8.3\nsentence-transformers==4.1.0\nsentencepiece==0.2.0\nsentry-sdk==2.30.0\nsetproctitle==1.3.6\nsetuptools==80.9.0\nsix==1.17.0\nsmmap==5.0.2\nsniffio==1.3.1\nsnowflake-connector-python==3.15.0\nsnowflake-snowpark-python==1.32.0\nsortedcontainers==2.4.0\nsoupsieve==2.7\nSQLAlchemy==2.0.41\nst-annotated-text==4.0.2\nst-theme==1.2.3\nstack-data==0.6.3\nstarlette==0.46.2\nstreamlit==1.45.1\nstreamlit-avatar==0.1.3\nstreamlit-camera-input-live==0.2.0\nstreamlit-card==1.0.2\nstreamlit-embedcode==0.1.2\nstreamlit-extras==0.7.1\nstreamlit-faker==0.0.3\nstreamlit-image-coordinates==0.2.2\nstreamlit-keyup==0.3.0\nstreamlit-option-menu==0.4.0\nstreamlit-toggle-switch==1.0.2\nstreamlit-vertical-slider==2.5.5\nsympy==1.14.0\ntenacity==9.1.2\ntensorboard==2.19.0\ntensorboard-data-server==0.7.2\nterminado==0.18.1\nthreadpoolctl==3.6.0\ntinycss2==1.4.0\ntokenizers==0.21.1\ntoml==0.10.2\ntomlkit==0.13.3\ntorch==2.7.1\ntornado==6.5.1\ntqdm==4.67.1\ntraitlets==5.14.3\ntransformers==4.52.4\ntrl==0.19.0\ntypes-python-dateutil==2.9.0.20250516\ntyping-inspection==0.4.1\ntyping_extensions==4.14.0\ntzdata==2025.2\ntzlocal==5.3.1\nuri-template==1.3.0\nurllib3==2.4.0\nuv==0.7.11\nuvicorn==0.35.0\nvalidators==0.35.0\nwandb==0.20.1\nwatchdog==6.0.0\nwcwidth==0.2.13\nwebcolors==24.11.1\nwebencodings==0.5.1\nwebsocket-client==1.8.0\nWerkzeug==3.1.3\nwheel==0.45.1\nwidgetsnbextension==4.0.14\nwsproto==1.2.0\nxxhash==3.5.0\nyarl==1.20.0\n"", ""run_env_vars"": {}}"
ci_sft_training_20250630_002500,2025-06-30T05:25:10.118624+00:00,0,final_loss,2.735788106918335,
ci_sft_training_20250630_002500,2025-06-30T05:25:10.118624+00:00,0,training_duration,3.7130842208862305,
ci_sft_training_20250630_002500,2025-06-30T05:25:10.118624+00:00,0,max_steps,1,
ci_sft_training_20250630_002500,2025-06-30T05:25:10.118624+00:00,0,dataset_size,100,
ci_sft_training_20250630_002500,2025-06-30T05:25:10.118624+00:00,0,status,completed,
ci_sft_training_20250630_002512,2025-06-30T05:25:12.183931+00:00,-1,run_init,"{""model_name"": ""HuggingFaceTB/SmolLM2-135M-Instruct"", ""learning_rate"": 0.0002, ""batch_size"": 1, ""max_steps"": 1, ""output_dir"": ""/var/folders/9x/58m08f710ln5mxfj6_41qtfh0000gn/T/tmp31_kcu8g"", ""quick_mode"": true, ""dataset_size"": 3}","{""git_sha"": ""9e02630c2d27ac9a955f28e1fd8c4e33e0621b17"", ""pip_freeze"": ""absl-py==2.3.0\naccelerate==1.7.0\naiohappyeyeballs==2.6.1\naiohttp==3.12.9\naiosignal==1.3.2\nalembic==1.16.2\naltair==5.5.0\nannotated-types==0.7.0\nanyio==4.9.0\nappnope==0.1.4\nargon2-cffi==25.1.0\nargon2-cffi-bindings==21.2.0\narrow==1.3.0\nasn1crypto==1.5.1\nasttokens==3.0.0\nasync-lru==2.0.5\nattrs==25.3.0\nbabel==2.17.0\nbcrypt==4.3.0\nbeautifulsoup4==4.13.4\nbitsandbytes==0.42.0\nbleach==6.2.0\nblinker==1.9.0\nboto3==1.38.32\nbotocore==1.38.32\ncachetools==5.5.2\ncertifi==2025.4.26\ncffi==1.17.1\ncharset-normalizer==3.4.2\nclick==8.2.1\ncloudpickle==3.0.0\ncomm==0.2.2\ncontourpy==1.3.2\ncoverage==7.9.1\ncryptography==45.0.3\ncycler==0.12.1\ndatasets==3.6.0\ndebugpy==1.8.14\ndecorator==5.2.1\ndefusedxml==0.7.1\ndill==0.3.8\ndiskcache==5.6.3\nentrypoints==0.4\nexecuting==2.2.0\nFaker==37.3.0\nfastapi==0.115.14\nfastjsonschema==2.21.1\nfavicon==0.7.0\nfilelock==3.18.0\nfonttools==4.58.2\nfqdn==1.5.1\nfrozenlist==1.6.2\nfsspec==2025.3.0\ngitdb==4.0.12\nGitPython==3.1.44\ngrpcio==1.73.0\nh11==0.16.0\nhf-xet==1.1.3\nhtbuilder==0.9.0\nhttpcore==1.0.9\nhttpx==0.28.1\nhttpx-ws==0.7.2\nhuggingface-hub==0.33.0\nidna==3.10\niniconfig==2.1.0\nipykernel==6.29.5\nipython==9.3.0\nipython_pygments_lexers==1.1.1\nipywidgets==8.1.7\nisoduration==20.11.0\njedi==0.19.2\nJinja2==3.1.6\njmespath==1.0.1\njoblib==1.5.1\njson5==0.12.0\njsonpointer==3.0.0\njsonschema==4.24.0\njsonschema-specifications==2025.4.1\njupyter==1.1.1\njupyter-console==6.6.3\njupyter-events==0.12.0\njupyter-lsp==2.2.5\njupyter_client==8.6.3\njupyter_core==5.8.1\njupyter_server==2.16.0\njupyter_server_terminals==0.5.3\njupyterlab==4.4.3\njupyterlab_pygments==0.3.0\njupyterlab_server==2.27.3\njupyterlab_widgets==3.0.15\nkiwisolver==1.4.8\nllama_cpp_python==0.3.9\nlmstudio==1.3.1\nlxml==5.4.0\nMako==1.3.10\nMarkdown==3.8\nmarkdown-it-py==3.0.0\nmarkdownlit==0.0.7\nMarkupSafe==3.0.2\nmatplotlib==3.10.3\nmatplotlib-inline==0.1.7\nmdurl==0.1.2\nmistune==3.1.3\nmpmath==1.3.0\nmsgspec==0.19.0\nmultidict==6.4.4\nmultiprocess==0.70.16\nnarwhals==1.41.1\nnbclient==0.10.2\nnbconvert==7.16.6\nnbformat==5.10.4\nnest-asyncio==1.6.0\nnetworkx==3.5\nnltk==3.9.1\nnotebook==7.4.3\nnotebook_shim==0.2.4\nnumpy==2.3.0\norjson==3.10.18\noverrides==7.7.0\npackaging==24.2\npandas==2.3.0\npandocfilters==1.5.1\nparso==0.8.4\npeft @ git+https://github.com/huggingface/peft.git@759bb70acea8486b3a493792a5b6ba80b5217fb4\npexpect==4.9.0\npillow==11.2.1\nplatformdirs==4.3.8\nplotly==6.1.2\npluggy==1.6.0\nprometheus_client==0.22.1\nprompt_toolkit==3.0.51\npropcache==0.3.1\nprotobuf==5.29.5\npsutil==7.0.0\nptyprocess==0.7.0\npure_eval==0.2.3\npyarrow==18.1.0\npycparser==2.22\npydantic==2.11.7\npydantic_core==2.33.2\npydeck==0.9.1\nPygments==2.19.1\nPyJWT==2.10.1\npymdown-extensions==10.15\npyOpenSSL==25.1.0\npyparsing==3.2.3\npytest==8.4.1\npytest-asyncio==1.0.0\npytest-cov==6.2.1\npython-dateutil==2.9.0.post0\npython-dotenv==1.1.0\npython-json-logger==3.3.0\npytz==2025.2\nPyYAML==6.0.2\npyzmq==26.4.0\nreferencing==0.36.2\nregex==2024.11.6\nrequests==2.32.4\nrfc3339-validator==0.1.4\nrfc3986-validator==0.1.1\nrich==14.0.0\nrpds-py==0.25.1\nruff==0.12.0\ns3transfer==0.13.0\nsafetensors==0.5.3\nscikit-learn==1.7.0\nscipy==1.15.3\nseaborn==0.13.2\nSend2Trash==1.8.3\nsentence-transformers==4.1.0\nsentencepiece==0.2.0\nsentry-sdk==2.30.0\nsetproctitle==1.3.6\nsetuptools==80.9.0\nsix==1.17.0\nsmmap==5.0.2\nsniffio==1.3.1\nsnowflake-connector-python==3.15.0\nsnowflake-snowpark-python==1.32.0\nsortedcontainers==2.4.0\nsoupsieve==2.7\nSQLAlchemy==2.0.41\nst-annotated-text==4.0.2\nst-theme==1.2.3\nstack-data==0.6.3\nstarlette==0.46.2\nstreamlit==1.45.1\nstreamlit-avatar==0.1.3\nstreamlit-camera-input-live==0.2.0\nstreamlit-card==1.0.2\nstreamlit-embedcode==0.1.2\nstreamlit-extras==0.7.1\nstreamlit-faker==0.0.3\nstreamlit-image-coordinates==0.2.2\nstreamlit-keyup==0.3.0\nstreamlit-option-menu==0.4.0\nstreamlit-toggle-switch==1.0.2\nstreamlit-vertical-slider==2.5.5\nsympy==1.14.0\ntenacity==9.1.2\ntensorboard==2.19.0\ntensorboard-data-server==0.7.2\nterminado==0.18.1\nthreadpoolctl==3.6.0\ntinycss2==1.4.0\ntokenizers==0.21.1\ntoml==0.10.2\ntomlkit==0.13.3\ntorch==2.7.1\ntornado==6.5.1\ntqdm==4.67.1\ntraitlets==5.14.3\ntransformers==4.52.4\ntrl==0.19.0\ntypes-python-dateutil==2.9.0.20250516\ntyping-inspection==0.4.1\ntyping_extensions==4.14.0\ntzdata==2025.2\ntzlocal==5.3.1\nuri-template==1.3.0\nurllib3==2.4.0\nuv==0.7.11\nuvicorn==0.35.0\nvalidators==0.35.0\nwandb==0.20.1\nwatchdog==6.0.0\nwcwidth==0.2.13\nwebcolors==24.11.1\nwebencodings==0.5.1\nwebsocket-client==1.8.0\nWerkzeug==3.1.3\nwheel==0.45.1\nwidgetsnbextension==4.0.14\nwsproto==1.2.0\nxxhash==3.5.0\nyarl==1.20.0\n"", ""run_env_vars"": {}}"
ci_sft_training_20250630_002512,2025-06-30T05:25:24.449559+00:00,0,final_loss,2.661999225616455,
ci_sft_training_20250630_002512,2025-06-30T05:25:24.449559+00:00,0,training_duration,4.430531024932861,
ci_sft_training_20250630_002512,2025-06-30T05:25:24.449559+00:00,0,max_steps,1,
ci_sft_training_20250630_002512,2025-06-30T05:25:24.449559+00:00,0,dataset_size,3,
ci_sft_training_20250630_002512,2025-06-30T05:25:24.449559+00:00,0,status,completed,
ci_evaluation_20250630_002526,2025-06-30T05:25:26.743786+00:00,-1,run_init,"{""checkpoint_path"": ""/var/folders/9x/58m08f710ln5mxfj6_41qtfh0000gn/T/tmp9t1ya9ra/checkpoint"", ""output_json"": ""/var/folders/9x/58m08f710ln5mxfj6_41qtfh0000gn/T/tmp9t1ya9ra/results.json"", ""quick_mode"": true, ""num_samples"": 10}","{""git_sha"": ""9e02630c2d27ac9a955f28e1fd8c4e33e0621b17"", ""pip_freeze"": ""absl-py==2.3.0\naccelerate==1.7.0\naiohappyeyeballs==2.6.1\naiohttp==3.12.9\naiosignal==1.3.2\nalembic==1.16.2\naltair==5.5.0\nannotated-types==0.7.0\nanyio==4.9.0\nappnope==0.1.4\nargon2-cffi==25.1.0\nargon2-cffi-bindings==21.2.0\narrow==1.3.0\nasn1crypto==1.5.1\nasttokens==3.0.0\nasync-lru==2.0.5\nattrs==25.3.0\nbabel==2.17.0\nbcrypt==4.3.0\nbeautifulsoup4==4.13.4\nbitsandbytes==0.42.0\nbleach==6.2.0\nblinker==1.9.0\nboto3==1.38.32\nbotocore==1.38.32\ncachetools==5.5.2\ncertifi==2025.4.26\ncffi==1.17.1\ncharset-normalizer==3.4.2\nclick==8.2.1\ncloudpickle==3.0.0\ncomm==0.2.2\ncontourpy==1.3.2\ncoverage==7.9.1\ncryptography==45.0.3\ncycler==0.12.1\ndatasets==3.6.0\ndebugpy==1.8.14\ndecorator==5.2.1\ndefusedxml==0.7.1\ndill==0.3.8\ndiskcache==5.6.3\nentrypoints==0.4\nexecuting==2.2.0\nFaker==37.3.0\nfastapi==0.115.14\nfastjsonschema==2.21.1\nfavicon==0.7.0\nfilelock==3.18.0\nfonttools==4.58.2\nfqdn==1.5.1\nfrozenlist==1.6.2\nfsspec==2025.3.0\ngitdb==4.0.12\nGitPython==3.1.44\ngrpcio==1.73.0\nh11==0.16.0\nhf-xet==1.1.3\nhtbuilder==0.9.0\nhttpcore==1.0.9\nhttpx==0.28.1\nhttpx-ws==0.7.2\nhuggingface-hub==0.33.0\nidna==3.10\niniconfig==2.1.0\nipykernel==6.29.5\nipython==9.3.0\nipython_pygments_lexers==1.1.1\nipywidgets==8.1.7\nisoduration==20.11.0\njedi==0.19.2\nJinja2==3.1.6\njmespath==1.0.1\njoblib==1.5.1\njson5==0.12.0\njsonpointer==3.0.0\njsonschema==4.24.0\njsonschema-specifications==2025.4.1\njupyter==1.1.1\njupyter-console==6.6.3\njupyter-events==0.12.0\njupyter-lsp==2.2.5\njupyter_client==8.6.3\njupyter_core==5.8.1\njupyter_server==2.16.0\njupyter_server_terminals==0.5.3\njupyterlab==4.4.3\njupyterlab_pygments==0.3.0\njupyterlab_server==2.27.3\njupyterlab_widgets==3.0.15\nkiwisolver==1.4.8\nllama_cpp_python==0.3.9\nlmstudio==1.3.1\nlxml==5.4.0\nMako==1.3.10\nMarkdown==3.8\nmarkdown-it-py==3.0.0\nmarkdownlit==0.0.7\nMarkupSafe==3.0.2\nmatplotlib==3.10.3\nmatplotlib-inline==0.1.7\nmdurl==0.1.2\nmistune==3.1.3\nmpmath==1.3.0\nmsgspec==0.19.0\nmultidict==6.4.4\nmultiprocess==0.70.16\nnarwhals==1.41.1\nnbclient==0.10.2\nnbconvert==7.16.6\nnbformat==5.10.4\nnest-asyncio==1.6.0\nnetworkx==3.5\nnltk==3.9.1\nnotebook==7.4.3\nnotebook_shim==0.2.4\nnumpy==2.3.0\norjson==3.10.18\noverrides==7.7.0\npackaging==24.2\npandas==2.3.0\npandocfilters==1.5.1\nparso==0.8.4\npeft @ git+https://github.com/huggingface/peft.git@759bb70acea8486b3a493792a5b6ba80b5217fb4\npexpect==4.9.0\npillow==11.2.1\nplatformdirs==4.3.8\nplotly==6.1.2\npluggy==1.6.0\nprometheus_client==0.22.1\nprompt_toolkit==3.0.51\npropcache==0.3.1\nprotobuf==5.29.5\npsutil==7.0.0\nptyprocess==0.7.0\npure_eval==0.2.3\npyarrow==18.1.0\npycparser==2.22\npydantic==2.11.7\npydantic_core==2.33.2\npydeck==0.9.1\nPygments==2.19.1\nPyJWT==2.10.1\npymdown-extensions==10.15\npyOpenSSL==25.1.0\npyparsing==3.2.3\npytest==8.4.1\npytest-asyncio==1.0.0\npytest-cov==6.2.1\npython-dateutil==2.9.0.post0\npython-dotenv==1.1.0\npython-json-logger==3.3.0\npytz==2025.2\nPyYAML==6.0.2\npyzmq==26.4.0\nreferencing==0.36.2\nregex==2024.11.6\nrequests==2.32.4\nrfc3339-validator==0.1.4\nrfc3986-validator==0.1.1\nrich==14.0.0\nrpds-py==0.25.1\nruff==0.12.0\ns3transfer==0.13.0\nsafetensors==0.5.3\nscikit-learn==1.7.0\nscipy==1.15.3\nseaborn==0.13.2\nSend2Trash==1.8.3\nsentence-transformers==4.1.0\nsentencepiece==0.2.0\nsentry-sdk==2.30.0\nsetproctitle==1.3.6\nsetuptools==80.9.0\nsix==1.17.0\nsmmap==5.0.2\nsniffio==1.3.1\nsnowflake-connector-python==3.15.0\nsnowflake-snowpark-python==1.32.0\nsortedcontainers==2.4.0\nsoupsieve==2.7\nSQLAlchemy==2.0.41\nst-annotated-text==4.0.2\nst-theme==1.2.3\nstack-data==0.6.3\nstarlette==0.46.2\nstreamlit==1.45.1\nstreamlit-avatar==0.1.3\nstreamlit-camera-input-live==0.2.0\nstreamlit-card==1.0.2\nstreamlit-embedcode==0.1.2\nstreamlit-extras==0.7.1\nstreamlit-faker==0.0.3\nstreamlit-image-coordinates==0.2.2\nstreamlit-keyup==0.3.0\nstreamlit-option-menu==0.4.0\nstreamlit-toggle-switch==1.0.2\nstreamlit-vertical-slider==2.5.5\nsympy==1.14.0\ntenacity==9.1.2\ntensorboard==2.19.0\ntensorboard-data-server==0.7.2\nterminado==0.18.1\nthreadpoolctl==3.6.0\ntinycss2==1.4.0\ntokenizers==0.21.1\ntoml==0.10.2\ntomlkit==0.13.3\ntorch==2.7.1\ntornado==6.5.1\ntqdm==4.67.1\ntraitlets==5.14.3\ntransformers==4.52.4\ntrl==0.19.0\ntypes-python-dateutil==2.9.0.20250516\ntyping-inspection==0.4.1\ntyping_extensions==4.14.0\ntzdata==2025.2\ntzlocal==5.3.1\nuri-template==1.3.0\nurllib3==2.4.0\nuv==0.7.11\nuvicorn==0.35.0\nvalidators==0.35.0\nwandb==0.20.1\nwatchdog==6.0.0\nwcwidth==0.2.13\nwebcolors==24.11.1\nwebencodings==0.5.1\nwebsocket-client==1.8.0\nWerkzeug==3.1.3\nwheel==0.45.1\nwidgetsnbextension==4.0.14\nwsproto==1.2.0\nxxhash==3.5.0\nyarl==1.20.0\n"", ""run_env_vars"": {}}"
ci_evaluation_20250630_002526,2025-06-30T05:25:26.744477+00:00,0,json_correctness,1.0,
ci_evaluation_20250630_002526,2025-06-30T05:25:26.744477+00:00,0,personality_alignment,0.5,
ci_evaluation_20250630_002526,2025-06-30T05:25:26.744477+00:00,0,evaluation_duration,0.0002789497375488281,
ci_evaluation_20250630_002526,2025-06-30T05:25:26.744477+00:00,0,status,completed,
ci_evaluation_20250630_002527,2025-06-30T05:25:27.785903+00:00,-1,run_init,"{""checkpoint_path"": ""/var/folders/9x/58m08f710ln5mxfj6_41qtfh0000gn/T/tmpllmszw0o/checkpoint"", ""output_json"": ""/var/folders/9x/58m08f710ln5mxfj6_41qtfh0000gn/T/tmpllmszw0o/results.json"", ""quick_mode"": true, ""num_samples"": 10}","{""git_sha"": ""9e02630c2d27ac9a955f28e1fd8c4e33e0621b17"", ""pip_freeze"": ""absl-py==2.3.0\naccelerate==1.7.0\naiohappyeyeballs==2.6.1\naiohttp==3.12.9\naiosignal==1.3.2\nalembic==1.16.2\naltair==5.5.0\nannotated-types==0.7.0\nanyio==4.9.0\nappnope==0.1.4\nargon2-cffi==25.1.0\nargon2-cffi-bindings==21.2.0\narrow==1.3.0\nasn1crypto==1.5.1\nasttokens==3.0.0\nasync-lru==2.0.5\nattrs==25.3.0\nbabel==2.17.0\nbcrypt==4.3.0\nbeautifulsoup4==4.13.4\nbitsandbytes==0.42.0\nbleach==6.2.0\nblinker==1.9.0\nboto3==1.38.32\nbotocore==1.38.32\ncachetools==5.5.2\ncertifi==2025.4.26\ncffi==1.17.1\ncharset-normalizer==3.4.2\nclick==8.2.1\ncloudpickle==3.0.0\ncomm==0.2.2\ncontourpy==1.3.2\ncoverage==7.9.1\ncryptography==45.0.3\ncycler==0.12.1\ndatasets==3.6.0\ndebugpy==1.8.14\ndecorator==5.2.1\ndefusedxml==0.7.1\ndill==0.3.8\ndiskcache==5.6.3\nentrypoints==0.4\nexecuting==2.2.0\nFaker==37.3.0\nfastapi==0.115.14\nfastjsonschema==2.21.1\nfavicon==0.7.0\nfilelock==3.18.0\nfonttools==4.58.2\nfqdn==1.5.1\nfrozenlist==1.6.2\nfsspec==2025.3.0\ngitdb==4.0.12\nGitPython==3.1.44\ngrpcio==1.73.0\nh11==0.16.0\nhf-xet==1.1.3\nhtbuilder==0.9.0\nhttpcore==1.0.9\nhttpx==0.28.1\nhttpx-ws==0.7.2\nhuggingface-hub==0.33.0\nidna==3.10\niniconfig==2.1.0\nipykernel==6.29.5\nipython==9.3.0\nipython_pygments_lexers==1.1.1\nipywidgets==8.1.7\nisoduration==20.11.0\njedi==0.19.2\nJinja2==3.1.6\njmespath==1.0.1\njoblib==1.5.1\njson5==0.12.0\njsonpointer==3.0.0\njsonschema==4.24.0\njsonschema-specifications==2025.4.1\njupyter==1.1.1\njupyter-console==6.6.3\njupyter-events==0.12.0\njupyter-lsp==2.2.5\njupyter_client==8.6.3\njupyter_core==5.8.1\njupyter_server==2.16.0\njupyter_server_terminals==0.5.3\njupyterlab==4.4.3\njupyterlab_pygments==0.3.0\njupyterlab_server==2.27.3\njupyterlab_widgets==3.0.15\nkiwisolver==1.4.8\nllama_cpp_python==0.3.9\nlmstudio==1.3.1\nlxml==5.4.0\nMako==1.3.10\nMarkdown==3.8\nmarkdown-it-py==3.0.0\nmarkdownlit==0.0.7\nMarkupSafe==3.0.2\nmatplotlib==3.10.3\nmatplotlib-inline==0.1.7\nmdurl==0.1.2\nmistune==3.1.3\nmpmath==1.3.0\nmsgspec==0.19.0\nmultidict==6.4.4\nmultiprocess==0.70.16\nnarwhals==1.41.1\nnbclient==0.10.2\nnbconvert==7.16.6\nnbformat==5.10.4\nnest-asyncio==1.6.0\nnetworkx==3.5\nnltk==3.9.1\nnotebook==7.4.3\nnotebook_shim==0.2.4\nnumpy==2.3.0\norjson==3.10.18\noverrides==7.7.0\npackaging==24.2\npandas==2.3.0\npandocfilters==1.5.1\nparso==0.8.4\npeft @ git+https://github.com/huggingface/peft.git@759bb70acea8486b3a493792a5b6ba80b5217fb4\npexpect==4.9.0\npillow==11.2.1\nplatformdirs==4.3.8\nplotly==6.1.2\npluggy==1.6.0\nprometheus_client==0.22.1\nprompt_toolkit==3.0.51\npropcache==0.3.1\nprotobuf==5.29.5\npsutil==7.0.0\nptyprocess==0.7.0\npure_eval==0.2.3\npyarrow==18.1.0\npycparser==2.22\npydantic==2.11.7\npydantic_core==2.33.2\npydeck==0.9.1\nPygments==2.19.1\nPyJWT==2.10.1\npymdown-extensions==10.15\npyOpenSSL==25.1.0\npyparsing==3.2.3\npytest==8.4.1\npytest-asyncio==1.0.0\npytest-cov==6.2.1\npython-dateutil==2.9.0.post0\npython-dotenv==1.1.0\npython-json-logger==3.3.0\npytz==2025.2\nPyYAML==6.0.2\npyzmq==26.4.0\nreferencing==0.36.2\nregex==2024.11.6\nrequests==2.32.4\nrfc3339-validator==0.1.4\nrfc3986-validator==0.1.1\nrich==14.0.0\nrpds-py==0.25.1\nruff==0.12.0\ns3transfer==0.13.0\nsafetensors==0.5.3\nscikit-learn==1.7.0\nscipy==1.15.3\nseaborn==0.13.2\nSend2Trash==1.8.3\nsentence-transformers==4.1.0\nsentencepiece==0.2.0\nsentry-sdk==2.30.0\nsetproctitle==1.3.6\nsetuptools==80.9.0\nsix==1.17.0\nsmmap==5.0.2\nsniffio==1.3.1\nsnowflake-connector-python==3.15.0\nsnowflake-snowpark-python==1.32.0\nsortedcontainers==2.4.0\nsoupsieve==2.7\nSQLAlchemy==2.0.41\nst-annotated-text==4.0.2\nst-theme==1.2.3\nstack-data==0.6.3\nstarlette==0.46.2\nstreamlit==1.45.1\nstreamlit-avatar==0.1.3\nstreamlit-camera-input-live==0.2.0\nstreamlit-card==1.0.2\nstreamlit-embedcode==0.1.2\nstreamlit-extras==0.7.1\nstreamlit-faker==0.0.3\nstreamlit-image-coordinates==0.2.2\nstreamlit-keyup==0.3.0\nstreamlit-option-menu==0.4.0\nstreamlit-toggle-switch==1.0.2\nstreamlit-vertical-slider==2.5.5\nsympy==1.14.0\ntenacity==9.1.2\ntensorboard==2.19.0\ntensorboard-data-server==0.7.2\nterminado==0.18.1\nthreadpoolctl==3.6.0\ntinycss2==1.4.0\ntokenizers==0.21.1\ntoml==0.10.2\ntomlkit==0.13.3\ntorch==2.7.1\ntornado==6.5.1\ntqdm==4.67.1\ntraitlets==5.14.3\ntransformers==4.52.4\ntrl==0.19.0\ntypes-python-dateutil==2.9.0.20250516\ntyping-inspection==0.4.1\ntyping_extensions==4.14.0\ntzdata==2025.2\ntzlocal==5.3.1\nuri-template==1.3.0\nurllib3==2.4.0\nuv==0.7.11\nuvicorn==0.35.0\nvalidators==0.35.0\nwandb==0.20.1\nwatchdog==6.0.0\nwcwidth==0.2.13\nwebcolors==24.11.1\nwebencodings==0.5.1\nwebsocket-client==1.8.0\nWerkzeug==3.1.3\nwheel==0.45.1\nwidgetsnbextension==4.0.14\nwsproto==1.2.0\nxxhash==3.5.0\nyarl==1.20.0\n"", ""run_env_vars"": {}}"
ci_evaluation_20250630_002527,2025-06-30T05:25:27.787162+00:00,0,json_correctness,1.0,
ci_evaluation_20250630_002527,2025-06-30T05:25:27.787162+00:00,0,personality_alignment,0.5,
ci_evaluation_20250630_002527,2025-06-30T05:25:27.787162+00:00,0,evaluation_duration,0.0003848075866699219,
ci_evaluation_20250630_002527,2025-06-30T05:25:27.787162+00:00,0,status,completed,
